"Date","Price","Open","High","Low","Change %"
"Aug 27, 2019","71.685","71.705","71.870","71.656","-0.47%"
"Aug 26, 2019","72.020","71.933","72.259","71.863","0.71%"
"Aug 23, 2019","71.513","71.960","72.061","71.513","-0.58%"
"Aug 22, 2019","71.930","71.600","72.004","71.600","0.69%"
"Aug 21, 2019","71.439","71.562","71.623","71.353","-0.15%"
"Aug 20, 2019","71.549","71.523","71.827","71.523","0.14%"
"Aug 19, 2019","71.451","71.213","71.500","71.063","0.42%"
"Aug 16, 2019","71.155","71.365","71.492","71.045","-0.91%"
"Aug 15, 2019","71.810","71.507","71.829","71.309","0.75%"
"Aug 14, 2019","71.275","70.995","71.365","70.845","-0.20%"
"Aug 13, 2019","71.418","71.132","71.493","71.032","0.19%"
"Aug 12, 2019","71.283","71.014","71.367","70.993","0.51%"
"Aug 09, 2019","70.924","70.443","70.924","70.443","0.72%"
"Aug 08, 2019","70.420","71.170","71.170","70.420","-1.02%"
"Aug 07, 2019","71.145","70.965","71.195","70.604","0.15%"
"Aug 06, 2019","71.040","70.810","71.040","70.470","0.31%"
"Aug 05, 2019","70.821","70.117","70.839","70.117","1.61%"
"Aug 02, 2019","69.700","69.230","69.700","69.210","0.99%"
"Aug 01, 2019","69.017","69.267","69.267","69.002","0.21%"
"Jul 31, 2019","68.875","68.853","68.960","68.761","0.02%"
"Jul 30, 2019","68.862","68.766","68.903","68.663","0.16%"
"Jul 29, 2019","68.755","68.900","68.965","68.705","-0.18%"
"Jul 26, 2019","68.880","69.151","69.151","68.816","-0.23%"
"Jul 25, 2019","69.041","68.992","69.078","68.885","0.09%"
"Jul 24, 2019","68.980","69.020","69.109","68.921","-0.08%"
"Jul 23, 2019","69.033","68.944","69.059","68.903","0.15%"
"Jul 22, 2019","68.930","68.955","69.070","68.880","0.10%"
"Jul 19, 2019","68.860","68.810","68.955","68.722","0.01%"
"Jul 18, 2019","68.855","68.773","69.005","68.718","0.01%"
"Jul 17, 2019","68.846","68.688","68.904","68.640","0.29%"
"Jul 16, 2019","68.650","68.540","68.770","68.521","0.15%"
"Jul 15, 2019","68.545","68.535","68.615","68.477","-0.02%"
"Jul 12, 2019","68.560","68.460","68.695","68.433","0.22%"
"Jul 11, 2019","68.410","68.414","68.495","68.280","-0.01%"
"Jul 10, 2019","68.419","68.620","68.695","68.318","-0.21%"
"Jul 09, 2019","68.565","68.665","68.858","68.513","-0.00%"
"Jul 08, 2019","68.566","68.582","68.767","68.497","0.17%"
"Jul 05, 2019","68.450","68.539","68.785","68.385","-0.11%"
"Jul 04, 2019","68.527","68.817","68.914","68.489","-0.40%"
"Jul 03, 2019","68.800","68.885","68.963","68.795","-0.13%"
"Jul 02, 2019","68.890","68.924","69.075","68.870","0.01%"
"Jul 01, 2019","68.885","68.944","69.090","68.830","-0.09%"
"Jun 28, 2019","68.950","69.048","69.125","68.866","-0.20%"
"Jun 27, 2019","69.088","69.210","69.353","69.030","-0.23%"
"Jun 26, 2019","69.245","69.320","69.518","69.110","-0.13%"
"Jun 25, 2019","69.334","69.266","69.439","69.238","0.09%"
"Jun 24, 2019","69.273","69.629","69.630","69.264","-0.49%"
"Jun 21, 2019","69.615","69.755","69.760","69.504","0.14%"
"Jun 20, 2019","69.520","69.490","69.675","69.334","-0.19%"
"Jun 19, 2019","69.650","69.550","69.808","69.500","0.06%"
"Jun 18, 2019","69.610","69.868","69.891","69.609","-0.34%"
"Jun 17, 2019","69.850","69.810","69.982","69.740","0.02%"
"Jun 14, 2019","69.833","69.566","69.865","69.530","0.44%"
"Jun 13, 2019","69.530","69.379","69.580","69.314","0.22%"
"Jun 12, 2019","69.375","69.414","69.455","69.257","-0.01%"
"Jun 11, 2019","69.385","69.534","69.534","69.342","-0.22%"
"Jun 10, 2019","69.535","69.375","69.685","69.375","0.26%"
"Jun 07, 2019","69.355","69.146","69.551","69.114","0.27%"
"Jun 06, 2019","69.165","69.405","69.460","69.165","-0.32%"
"Jun 05, 2019","69.385","69.334","69.423","69.178","0.14%"
"Jun 04, 2019","69.291","69.068","69.343","69.033","0.17%"
"Jun 03, 2019","69.171","69.618","69.622","69.128","-0.59%"
"May 31, 2019","69.580","69.839","69.927","69.580","-0.35%"
"May 30, 2019","69.825","69.835","69.935","69.703","-0.03%"
"May 29, 2019","69.845","69.587","70.003","69.579","0.34%"
"May 28, 2019","69.610","69.516","69.755","69.516","0.15%"
"May 27, 2019","69.504","69.412","69.633","69.362","0.18%"
"May 24, 2019","69.380","69.699","69.811","69.377","-0.41%"
"May 23, 2019","69.665","69.666","70.065","69.375","0.02%"
"May 22, 2019","69.650","69.668","69.811","69.614","0.01%"
"May 21, 2019","69.645","69.817","69.825","69.620","0.05%"
"May 20, 2019","69.609","69.405","69.778","69.373","-0.95%"
"May 17, 2019","70.280","70.220","70.288","70.067","0.21%"
"May 16, 2019","70.130","70.219","70.342","69.966","-0.17%"
"May 15, 2019","70.249","70.322","70.442","70.174","-0.12%"
"May 14, 2019","70.332","70.596","70.616","70.252","-0.34%"
"May 13, 2019","70.570","70.015","70.651","69.984","0.79%"
"May 10, 2019","70.015","70.091","70.114","69.756","-0.26%"
"May 09, 2019","70.200","69.719","70.276","69.719","0.69%"
"May 08, 2019","69.720","69.596","69.751","69.448","0.11%"
"May 07, 2019","69.645","69.421","69.646","69.285","0.38%"
"May 06, 2019","69.380","69.310","69.485","69.310","0.41%"
"May 03, 2019","69.095","69.436","69.441","69.095","-0.45%"
"May 02, 2019","69.410","69.620","69.634","69.320","-0.19%"
"May 01, 2019","69.545","69.601","69.603","69.466","-0.15%"
"Apr 30, 2019","69.647","69.831","69.913","69.536","-0.24%"
"Apr 29, 2019","69.817","69.879","69.895","69.797","-0.05%"
"Apr 26, 2019","69.850","70.173","70.247","69.810","-0.46%"
"Apr 25, 2019","70.170","70.010","70.335","69.920","0.30%"
"Apr 24, 2019","69.960","69.779","70.000","69.762","0.27%"
"Apr 23, 2019","69.770","69.630","69.840","69.540","0.10%"
"Apr 22, 2019","69.700","69.366","69.906","69.366","0.42%"
"Apr 19, 2019","69.407","69.416","69.429","69.355","0.02%"
"Apr 18, 2019","69.395","69.417","69.619","69.330","-0.05%"
"Apr 17, 2019","69.431","69.547","69.570","69.362","-0.14%"
"Apr 16, 2019","69.530","69.422","69.690","69.422","0.19%"
"Apr 15, 2019","69.395","69.174","69.483","69.045","0.30%"
"Apr 12, 2019","69.190","69.030","69.390","69.030","0.25%"
"Apr 11, 2019","69.020","69.164","69.222","68.837","-0.19%"
"Apr 10, 2019","69.150","69.258","69.366","69.090","-0.19%"
"Apr 09, 2019","69.280","69.538","69.740","69.248","-0.40%"
"Apr 08, 2019","69.555","69.335","69.720","69.335","0.56%"
"Apr 05, 2019","69.170","68.992","69.338","68.986","0.28%"
"Apr 04, 2019","68.980","68.540","69.220","68.520","0.77%"
"Apr 03, 2019","68.450","68.730","68.835","68.390","-0.68%"
"Apr 02, 2019","68.920","69.280","69.390","68.720","-0.41%"
"Apr 01, 2019","69.205","69.356","69.424","69.185","0.03%"
"Mar 29, 2019","69.185","69.178","69.320","69.042","-0.01%"
"Mar 28, 2019","69.190","69.124","69.380","68.950","0.13%"
"Mar 27, 2019","69.100","69.039","69.187","68.780","0.15%"
"Mar 26, 2019","68.996","68.931","69.017","68.779","0.15%"
"Mar 25, 2019","68.890","69.159","69.176","68.795","-0.40%"
"Mar 22, 2019","69.170","68.650","69.170","68.540","0.52%"
"Mar 21, 2019","68.810","68.565","68.810","68.510","0.03%"
"Mar 20, 2019","68.790","69.027","69.176","68.731","-0.33%"
"Mar 19, 2019","69.015","68.619","69.067","68.350","0.57%"
"Mar 18, 2019","68.625","68.959","68.959","68.431","-0.49%"
"Mar 15, 2019","68.963","69.357","69.372","68.935","-0.58%"
"Mar 14, 2019","69.365","69.525","69.755","69.255","-0.24%"
"Mar 13, 2019","69.529","69.607","69.794","69.419","-0.14%"
"Mar 12, 2019","69.625","69.821","69.821","69.491","-0.32%"
"Mar 11, 2019","69.850","70.028","70.041","69.808","-0.23%"
"Mar 08, 2019","70.012","70.111","70.245","69.827","-0.15%"
"Mar 07, 2019","70.116","70.151","70.152","69.950","0.05%"
"Mar 06, 2019","70.080","70.479","70.692","70.022","-0.58%"
"Mar 05, 2019","70.490","70.963","70.975","70.448","-0.59%"
"Mar 04, 2019","70.910","70.815","70.923","70.800","-0.13%"
"Mar 01, 2019","71.000","70.811","71.000","70.715","0.23%"
"Feb 28, 2019","70.840","71.231","71.271","70.713","-0.51%"
"Feb 27, 2019","71.200","71.010","71.491","70.929","0.34%"
"Feb 26, 2019","70.960","70.829","71.346","70.809","0.18%"
"Feb 25, 2019","70.834","71.034","71.102","70.827","-0.28%"
"Feb 22, 2019","71.035","71.195","71.265","71.035","-0.18%"
"Feb 21, 2019","71.165","71.061","71.280","70.925","0.22%"
"Feb 20, 2019","71.010","71.320","71.344","70.933","-0.41%"
"Feb 19, 2019","71.300","71.351","71.602","71.251","-0.12%"
"Feb 18, 2019","71.387","71.335","71.537","71.326","0.08%"
"Feb 15, 2019","71.330","71.028","71.464","71.028","0.44%"
"Feb 14, 2019","71.020","70.869","71.233","70.800","0.20%"
"Feb 13, 2019","70.875","70.541","70.880","70.397","0.48%"
"Feb 12, 2019","70.535","71.254","71.254","70.515","-0.85%"
"Feb 11, 2019","71.140","71.240","71.301","71.038","-0.05%"
"Feb 08, 2019","71.175","71.395","71.434","71.015","-0.18%"
"Feb 07, 2019","71.300","71.639","71.769","71.271","-0.35%"
"Feb 06, 2019","71.550","71.520","71.683","71.492","0.03%"
"Feb 05, 2019","71.530","71.714","71.812","71.528","-0.25%"
"Feb 04, 2019","71.710","71.469","71.845","71.462","0.38%"
"Feb 01, 2019","71.435","71.115","71.485","70.952","0.67%"
"Jan 31, 2019","70.960","70.959","71.215","70.865","-0.39%"
"Jan 30, 2019","71.235","71.423","71.423","71.123","-0.22%"
"Jan 29, 2019","71.390","71.085","71.461","71.026","0.45%"
"Jan 28, 2019","71.070","70.920","71.196","70.915","0.24%"
"Jan 25, 2019","70.900","71.040","71.250","70.890","-0.14%"
"Jan 24, 2019","71.000","71.147","71.315","70.955","-0.27%"
"Jan 23, 2019","71.190","71.240","71.370","71.115","-0.10%"
"Jan 22, 2019","71.260","71.197","71.466","71.165","0.10%"
"Jan 21, 2019","71.188","71.205","71.538","71.140","-0.03%"
"Jan 18, 2019","71.210","71.040","71.274","70.987","0.23%"
"Jan 17, 2019","71.050","71.146","71.416","70.972","0.10%"
"Jan 16, 2019","70.980","71.110","71.265","70.934","-0.17%"
"Jan 15, 2019","71.100","70.750","71.156","70.723","0.48%"
"Jan 14, 2019","70.760","70.400","70.950","70.360","0.51%"
"Jan 11, 2019","70.399","70.430","70.601","70.357","-0.03%"
"Jan 10, 2019","70.420","70.530","70.655","70.318","-0.20%"
"Jan 09, 2019","70.560","70.110","70.648","70.050","0.60%"
"Jan 08, 2019","70.140","69.806","70.240","69.765","0.48%"
"Jan 07, 2019","69.803","69.532","69.953","69.255","0.36%"
"Jan 04, 2019","69.550","70.115","70.145","69.550","-0.80%"
"Jan 03, 2019","70.110","70.300","70.531","70.034","0.16%"
"Jan 02, 2019","70.000","69.469","70.255","69.469","0.79%"
"Jan 01, 2019","69.453","69.635","69.745","69.435","-0.17%"
"Dec 31, 2018","69.570","69.783","69.946","69.570","-0.52%"
"Dec 28, 2018","69.933","70.151","70.151","69.885","-0.61%"
"Dec 27, 2018","70.361","70.088","70.404","70.088","0.42%"
"Dec 26, 2018","70.070","70.065","70.170","69.755","0.03%"
"Dec 25, 2018","70.050","70.050","70.050","70.050","-0.08%"
"Dec 24, 2018","70.105","70.151","70.296","69.873","-0.05%"
"Dec 21, 2018","70.140","70.003","70.320","69.750","0.23%"
"Dec 20, 2018","69.980","70.697","70.716","69.655","-0.43%"
"Dec 19, 2018","70.279","70.357","70.482","69.862","-0.48%"
"Dec 18, 2018","70.620","71.340","71.361","70.421","-1.38%"
"Dec 17, 2018","71.610","71.900","71.900","71.496","-0.43%"
"Dec 14, 2018","71.920","71.550","72.043","71.550","0.55%"
"Dec 13, 2018","71.530","71.858","71.858","71.456","-0.43%"
"Dec 12, 2018","71.840","72.283","72.283","71.769","-0.62%"
"Dec 11, 2018","72.291","72.506","72.506","71.691","-0.32%"
"Dec 10, 2018","72.520","71.360","72.637","71.240","2.34%"
"Dec 07, 2018","70.860","70.570","70.860","70.453","0.01%"
"Dec 06, 2018","70.850","70.810","71.150","70.745","0.41%"
"Dec 05, 2018","70.560","70.710","70.750","70.390","0.04%"
"Dec 04, 2018","70.530","70.500","70.690","70.330","0.13%"
"Dec 03, 2018","70.440","69.880","70.470","69.880","1.13%"
"Nov 30, 2018","69.650","69.695","69.915","69.570","-0.19%"
"Nov 29, 2018","69.780","70.110","70.145","69.780","-1.22%"
"Nov 28, 2018","70.640","70.900","70.900","70.580","-0.20%"
"Nov 27, 2018","70.785","70.815","71.030","70.710","-0.05%"
"Nov 26, 2018","70.820","70.495","70.905","70.310","0.23%"
"Nov 23, 2018","70.655","70.675","70.675","70.655","-0.05%"
"Nov 22, 2018","70.690","71.135","71.195","70.675","-0.86%"
"Nov 21, 2018","71.305","71.415","71.415","71.305","-0.17%"
"Nov 20, 2018","71.430","71.370","71.523","71.287","-0.25%"
"Nov 19, 2018","71.610","71.925","72.082","71.550","-0.51%"
"Nov 16, 2018","71.980","71.995","71.995","71.715","0.09%"
"Nov 15, 2018","71.915","72.035","72.185","71.870","-0.55%"
"Nov 14, 2018","72.310","72.175","72.405","72.005","-0.42%"
"Nov 13, 2018","72.615","72.795","72.810","72.515","-0.34%"
"Nov 12, 2018","72.860","72.735","73.067","72.735","0.52%"
"Nov 09, 2018","72.480","72.680","72.828","72.415","0.14%"
"Nov 08, 2018","72.380","72.460","72.460","72.380","-0.10%"
"Nov 07, 2018","72.450","72.950","72.950","72.450","-0.69%"
"Nov 06, 2018","72.955","72.945","73.075","72.905","-0.17%"
"Nov 05, 2018","73.080","72.807","73.135","72.757","0.88%"
"Nov 02, 2018","72.440","73.125","73.215","72.430","-1.38%"
"Nov 01, 2018","73.455","73.855","73.873","73.455","-0.68%"
"Oct 31, 2018","73.960","73.920","74.140","73.800","0.38%"
"Oct 30, 2018","73.680","73.560","73.705","73.520","0.38%"
"Oct 29, 2018","73.400","73.355","73.525","73.322","-0.08%"
"Oct 26, 2018","73.460","73.430","73.472","73.270","0.31%"
"Oct 25, 2018","73.230","73.350","73.380","73.165","0.00%"
"Oct 24, 2018","73.230","73.160","73.343","73.100","-0.44%"
"Oct 23, 2018","73.550","73.710","73.833","73.510","-0.01%"
"Oct 22, 2018","73.560","73.305","73.565","73.192","0.25%"
"Oct 19, 2018","73.375","73.605","73.655","73.295","-0.21%"
"Oct 18, 2018","73.530","73.590","73.615","73.485","-0.10%"
"Oct 17, 2018","73.600","73.420","73.670","73.373","0.18%"
"Oct 16, 2018","73.465","73.810","73.960","73.465","-0.41%"
"Oct 15, 2018","73.770","73.803","74.070","73.770","0.22%"
"Oct 12, 2018","73.610","73.830","73.860","73.530","-0.59%"
"Oct 11, 2018","74.050","74.380","74.490","74.005","-0.27%"
"Oct 10, 2018","74.250","74.160","74.293","74.060","-0.12%"
"Oct 09, 2018","74.340","73.910","74.405","73.880","0.37%"
"Oct 08, 2018","74.065","73.870","74.100","73.765","0.40%"
"Oct 05, 2018","73.770","73.620","74.250","73.425","0.19%"
"Oct 04, 2018","73.630","73.710","73.825","73.500","0.39%"
"Oct 03, 2018","73.345","73.265","73.430","72.920","0.58%"
"Oct 02, 2018","72.925","72.925","72.925","72.925","0.00%"
"Oct 01, 2018","72.925","72.605","72.945","72.605","0.57%"
"Sep 28, 2018","72.510","72.570","72.670","72.405","-0.08%"
"Sep 27, 2018","72.570","72.430","72.770","72.390","-0.04%"
"Sep 26, 2018","72.600","72.710","72.755","72.537","-0.12%"
"Sep 25, 2018","72.685","72.905","72.960","72.575","0.02%"
"Sep 24, 2018","72.670","72.480","72.740","72.340","0.60%"
"Sep 21, 2018","72.240","71.860","72.480","71.760","0.31%"
"Sep 20, 2018","72.015","72.345","72.345","72.015","-0.48%"
"Sep 19, 2018","72.360","72.720","72.875","72.345","-0.48%"
"Sep 18, 2018","72.710","72.560","72.990","72.360","0.23%"
"Sep 17, 2018","72.540","72.530","72.695","72.315","0.92%"
"Sep 14, 2018","71.880","71.700","71.995","71.535","-0.22%"
"Sep 13, 2018","72.037","72.037","72.037","72.037","-0.17%"
"Sep 12, 2018","72.160","72.843","72.920","71.925","-0.66%"
"Sep 11, 2018","72.640","72.310","72.750","72.250","0.26%"
"Sep 10, 2018","72.455","72.135","72.680","72.075","0.93%"
"Sep 07, 2018","71.790","71.960","72.045","71.665","-0.22%"
"Sep 06, 2018","71.950","71.630","72.105","71.630","0.27%"
"Sep 05, 2018","71.755","71.405","71.955","71.375","0.24%"
"Sep 04, 2018","71.585","71.285","71.585","71.095","0.52%"
"Sep 03, 2018","71.215","70.790","71.220","70.725","0.30%"
"Aug 31, 2018","71.005","70.955","71.025","70.855","0.37%"
"Aug 30, 2018","70.745","70.635","70.875","70.595","0.30%"
"Aug 29, 2018","70.535","70.325","70.635","70.240","0.62%"
"Aug 28, 2018","70.100","70.050","70.297","70.050","-0.09%"
"Aug 27, 2018","70.165","69.765","70.165","69.705","0.28%"
"Aug 24, 2018","69.970","70.220","70.240","69.898","-0.19%"
"Aug 23, 2018","70.105","70.015","70.170","69.968","0.34%"
"Aug 22, 2018","69.870","69.880","69.895","69.800","0.01%"
"Aug 21, 2018","69.860","69.665","69.920","69.535","0.06%"
"Aug 20, 2018","69.820","69.820","69.880","69.600","-0.40%"
"Aug 17, 2018","70.100","70.130","70.160","70.080","0.01%"
"Aug 16, 2018","70.090","70.230","70.420","70.090","0.24%"
"Aug 15, 2018","69.920","69.920","69.920","69.920","-0.06%"
"Aug 14, 2018","69.960","69.860","70.090","69.700","-0.09%"
"Aug 13, 2018","70.020","69.485","70.020","69.405","1.64%"
"Aug 10, 2018","68.890","68.845","69.025","68.767","0.19%"
"Aug 09, 2018","68.760","68.480","68.760","68.460","0.15%"
"Aug 08, 2018","68.660","68.678","68.715","68.580","0.04%"
"Aug 07, 2018","68.630","68.820","68.940","68.630","-0.29%"
"Aug 06, 2018","68.830","68.580","68.900","68.545","0.42%"
"Aug 03, 2018","68.545","68.695","68.845","68.545","-0.12%"
"Aug 02, 2018","68.625","68.375","68.735","68.265","0.40%"
"Aug 01, 2018","68.350","68.560","68.632","68.350","-0.16%"
"Jul 31, 2018","68.460","68.710","68.710","68.450","-0.21%"
"Jul 30, 2018","68.605","68.705","68.792","68.605","0.00%"
"Jul 27, 2018","68.605","68.655","68.755","68.535","-0.08%"
"Jul 26, 2018","68.660","68.705","68.760","68.618","-0.10%"
"Jul 25, 2018","68.730","68.965","68.980","68.670","-0.31%"
"Jul 24, 2018","68.947","68.970","69.088","68.845","0.15%"
"Jul 23, 2018","68.845","68.705","68.865","68.645","0.15%"
"Jul 20, 2018","68.740","69.025","69.132","68.740","-0.41%"
"Jul 19, 2018","69.020","68.720","69.110","68.700","0.58%"
"Jul 18, 2018","68.625","68.425","68.645","68.385","0.28%"
"Jul 17, 2018","68.430","68.360","68.475","68.280","-0.18%"
"Jul 16, 2018","68.550","68.560","68.720","68.510","0.07%"
"Jul 13, 2018","68.500","68.520","68.562","68.335","-0.03%"
"Jul 12, 2018","68.520","68.765","68.765","68.490","-0.31%"
"Jul 11, 2018","68.730","68.825","68.895","68.710","-0.04%"
"Jul 10, 2018","68.755","68.665","68.865","68.655","0.14%"
"Jul 09, 2018","68.660","68.570","68.790","68.570","-0.21%"
"Jul 06, 2018","68.805","68.885","69.030","68.805","-0.11%"
"Jul 05, 2018","68.880","68.810","69.010","68.695","0.28%"
"Jul 04, 2018","68.690","68.525","68.777","68.445","0.20%"
"Jul 03, 2018","68.550","68.935","68.965","68.525","-0.25%"
"Jul 02, 2018","68.720","68.495","68.825","68.340","0.38%"
"Jun 29, 2018","68.460","68.700","68.700","68.360","-0.55%"
"Jun 28, 2018","68.840","68.900","69.100","68.725","0.29%"
"Jun 27, 2018","68.640","68.430","68.710","68.425","0.39%"
"Jun 26, 2018","68.370","68.140","68.370","68.080","0.37%"
"Jun 25, 2018","68.115","67.905","68.173","67.905","0.36%"
"Jun 22, 2018","67.870","67.840","67.890","67.715","-0.11%"
"Jun 21, 2018","67.945","68.205","68.243","67.945","-0.17%"
"Jun 20, 2018","68.060","68.100","68.185","68.030","-0.37%"
"Jun 19, 2018","68.310","67.980","68.385","67.977","0.40%"
"Jun 18, 2018","68.040","68.160","68.170","67.950","-0.03%"
"Jun 15, 2018","68.060","67.915","68.065","67.887","0.55%"
"Jun 14, 2018","67.690","67.575","67.735","67.570","0.07%"
"Jun 13, 2018","67.645","67.600","67.705","67.550","0.24%"
"Jun 12, 2018","67.480","67.455","67.510","67.360","0.01%"
"Jun 11, 2018","67.470","67.445","67.480","67.275","-0.09%"
"Jun 08, 2018","67.530","67.470","67.795","67.440","0.16%"
"Jun 07, 2018","67.420","66.940","67.460","66.940","0.87%"
"Jun 06, 2018","66.840","67.090","67.165","66.840","-0.39%"
"Jun 05, 2018","67.100","67.080","67.230","67.080","0.04%"
"Jun 04, 2018","67.070","66.915","67.170","66.850","0.11%"
"Jun 01, 2018","66.995","67.455","67.455","66.995","-0.65%"
"May 31, 2018","67.430","67.430","67.600","67.320","-0.01%"
"May 30, 2018","67.440","67.855","67.900","67.395","-0.59%"
"May 29, 2018","67.840","67.630","67.995","67.630","0.65%"
"May 28, 2018","67.400","67.505","67.532","67.298","-0.49%"
"May 25, 2018","67.730","68.330","68.330","67.718","-0.89%"
"May 24, 2018","68.340","68.350","68.435","68.295","-0.04%"
"May 23, 2018","68.370","68.160","68.485","68.160","0.51%"
"May 22, 2018","68.020","67.990","68.095","67.938","-0.14%"
"May 21, 2018","68.115","68.105","68.165","68.023","0.18%"
"May 18, 2018","67.990","67.775","68.100","67.768","0.33%"
"May 17, 2018","67.765","67.725","67.810","67.585","-0.01%"
"May 16, 2018","67.775","68.105","68.135","67.755","-0.45%"
"May 15, 2018","68.080","67.690","68.148","67.460","0.77%"
"May 14, 2018","67.560","67.257","67.630","67.220","0.30%"
"May 11, 2018","67.360","67.145","67.380","67.115","0.17%"
"May 10, 2018","67.245","67.335","67.438","67.225","-0.16%"
"May 09, 2018","67.350","67.135","67.477","67.135","0.33%"
"May 08, 2018","67.130","67.175","67.290","66.988","-0.01%"
"May 07, 2018","67.140","66.830","67.185","66.790","0.48%"
"May 04, 2018","66.820","66.660","66.920","66.630","0.22%"
"May 03, 2018","66.670","66.605","66.720","66.530","-0.03%"
"May 02, 2018","66.690","66.760","66.782","66.640","-0.16%"
"May 01, 2018","66.800","66.460","66.810","66.450","0.51%"
"Apr 30, 2018","66.460","66.600","66.600","66.350","-0.24%"
"Apr 27, 2018","66.620","66.840","66.852","66.620","-0.28%"
"Apr 26, 2018","66.805","66.885","66.912","66.697","-0.17%"
"Apr 25, 2018","66.920","66.490","66.980","66.490","0.77%"
"Apr 24, 2018","66.410","66.420","66.460","66.295","-0.18%"
"Apr 23, 2018","66.530","66.210","66.530","66.150","0.48%"
"Apr 20, 2018","66.210","66.030","66.210","65.960","0.52%"
"Apr 19, 2018","65.870","65.850","65.870","65.735","0.23%"
"Apr 18, 2018","65.720","65.670","65.790","65.600","0.06%"
"Apr 17, 2018","65.680","65.450","65.702","65.420","0.32%"
"Apr 16, 2018","65.470","65.330","65.515","65.320","0.33%"
"Apr 13, 2018","65.255","65.305","65.305","65.185","-0.05%"
"Apr 12, 2018","65.290","65.320","65.450","65.248","0.05%"
"Apr 11, 2018","65.260","65.000","65.315","64.985","0.48%"
"Apr 10, 2018","64.950","64.890","65.035","64.890","-0.01%"
"Apr 09, 2018","64.955","64.865","65.057","64.850","0.04%"
"Apr 06, 2018","64.930","64.935","65.045","64.920","0.06%"
"Apr 05, 2018","64.890","65.040","65.140","64.890","-0.24%"
"Apr 04, 2018","65.045","65.005","65.180","64.905","0.07%"
"Apr 03, 2018","65.000","65.090","65.135","64.985","-0.20%"
"Apr 02, 2018","65.130","65.120","65.130","65.090","0.02%"
"Mar 30, 2018","65.115","65.115","65.115","65.115","0.00%"
"Mar 29, 2018","65.115","65.170","65.170","65.115","-0.07%"
"Mar 28, 2018","65.160","64.890","65.300","64.890","0.33%"
"Mar 27, 2018","64.945","64.785","64.993","64.727","0.19%"
"Mar 26, 2018","64.825","64.895","64.955","64.803","-0.25%"
"Mar 23, 2018","64.990","65.200","65.210","64.982","-0.18%"
"Mar 22, 2018","65.105","65.125","65.155","65.025","-0.12%"
"Mar 21, 2018","65.180","65.220","65.240","65.180","-0.05%"
"Mar 20, 2018","65.210","65.210","65.250","65.160","-0.02%"
"Mar 19, 2018","65.220","65.045","65.220","65.000","0.35%"
"Mar 16, 2018","64.990","64.990","64.990","64.850","0.00%"
"Mar 15, 2018","64.990","64.925","64.993","64.810","0.23%"
"Mar 14, 2018","64.840","64.890","65.062","64.820","-0.02%"
"Mar 13, 2018","64.855","64.985","65.010","64.845","-0.20%"
"Mar 12, 2018","64.985","64.965","65.070","64.957","-0.21%"
"Mar 09, 2018","65.125","65.125","65.195","65.045","0.03%"
"Mar 08, 2018","65.105","64.905","65.165","64.885","0.35%"
"Mar 07, 2018","64.880","64.905","65.010","64.860","-0.04%"
"Mar 06, 2018","64.905","64.945","65.120","64.905","-0.18%"
"Mar 05, 2018","65.025","65.055","65.160","64.930","-0.30%"
"Mar 02, 2018","65.220","65.210","65.270","65.200","-0.02%"
"Mar 01, 2018","65.230","65.210","65.252","65.110","0.03%"
"Feb 28, 2018","65.210","65.150","65.320","65.050","0.45%"
"Feb 27, 2018","64.920","64.820","64.970","64.770","0.23%"
"Feb 26, 2018","64.770","64.660","64.840","64.630","0.09%"
"Feb 23, 2018","64.710","64.960","64.960","64.695","-0.41%"
"Feb 22, 2018","64.975","65.065","65.105","64.955","0.26%"
"Feb 21, 2018","64.805","64.905","64.945","64.713","-0.08%"
"Feb 20, 2018","64.860","64.510","64.863","64.420","0.95%"
"Feb 19, 2018","64.250","64.250","64.250","64.250","0.05%"
"Feb 16, 2018","64.215","63.875","64.230","63.815","0.49%"
"Feb 15, 2018","63.900","63.960","63.980","63.875","-0.31%"
"Feb 14, 2018","64.100","64.155","64.192","64.045","-0.26%"
"Feb 13, 2018","64.265","64.275","64.275","64.265","-0.02%"
"Feb 12, 2018","64.280","64.290","64.350","64.240","-0.15%"
"Feb 09, 2018","64.375","64.425","64.438","64.285","0.12%"
"Feb 08, 2018","64.300","64.390","64.390","64.150","0.03%"
"Feb 07, 2018","64.280","64.220","64.312","64.045","0.08%"
"Feb 06, 2018","64.230","64.360","64.405","64.100","0.14%"
"Feb 05, 2018","64.140","64.240","64.240","64.010","0.02%"
"Feb 02, 2018","64.130","64.125","64.200","63.740","0.23%"
"Feb 01, 2018","63.980","63.650","64.065","63.560","0.68%"
"Jan 31, 2018","63.550","63.680","63.752","63.550","-0.22%"
"Jan 30, 2018","63.690","63.700","63.815","63.595","0.14%"
"Jan 29, 2018","63.600","63.610","63.625","63.490","0.02%"
"Jan 26, 2018","63.590","63.525","63.620","63.515","0.12%"
"Jan 25, 2018","63.515","63.515","63.640","63.455","-0.23%"
"Jan 24, 2018","63.660","63.740","63.740","63.630","-0.16%"
"Jan 23, 2018","63.760","63.910","63.910","63.750","-0.20%"
"Jan 22, 2018","63.890","63.890","64.010","63.725","0.09%"
"Jan 19, 2018","63.830","63.680","63.870","63.635","-0.06%"
"Jan 18, 2018","63.870","63.860","63.950","63.755","-0.02%"
"Jan 17, 2018","63.885","64.080","64.080","63.772","-0.21%"
"Jan 16, 2018","64.020","63.610","64.130","63.600","0.80%"
"Jan 15, 2018","63.515","63.460","63.515","63.335","-0.15%"
"Jan 12, 2018","63.610","63.600","63.730","63.490","-0.13%"
"Jan 11, 2018","63.690","63.660","63.828","63.648","0.09%"
"Jan 10, 2018","63.630","63.690","63.855","63.560","-0.06%"
"Jan 09, 2018","63.670","63.485","63.730","63.425","0.31%"
"Jan 08, 2018","63.475","63.335","63.530","63.245","0.21%"
"Jan 05, 2018","63.340","63.360","63.425","63.323","-0.09%"
"Jan 04, 2018","63.400","63.595","63.615","63.365","-0.17%"
"Jan 03, 2018","63.505","63.555","63.575","63.450","0.07%"
"Jan 02, 2018","63.460","63.700","63.770","63.440","-0.35%"
"Jan 01, 2018","63.680","63.855","63.865","63.635","-0.25%"
"Dec 29, 2017","63.840","64.055","64.070","63.790","-0.37%"
"Dec 28, 2017","64.080","64.130","64.280","64.078","-0.06%"
"Dec 27, 2017","64.120","64.075","64.185","64.075","0.11%"
"Dec 26, 2017","64.050","64.040","64.125","64.028","0.05%"
"Dec 25, 2017","64.020","64.020","64.020","64.020","0.00%"
"Dec 22, 2017","64.020","64.060","64.090","64.020","0.00%"
"Dec 21, 2017","64.020","64.020","64.140","64.010","-0.15%"
"Dec 20, 2017","64.115","64.010","64.130","64.005","0.09%"
"Dec 19, 2017","64.060","64.230","64.230","63.945","-0.23%"
"Dec 18, 2017","64.210","64.160","64.730","64.090","0.20%"
"Dec 15, 2017","64.080","64.140","64.175","64.015","-0.40%"
"Dec 14, 2017","64.340","64.360","64.375","64.255","-0.19%"
"Dec 13, 2017","64.460","64.540","64.560","64.425","0.08%"
"Dec 12, 2017","64.410","64.420","64.530","64.400","0.09%"
"Dec 11, 2017","64.355","64.455","64.455","64.315","-0.19%"
"Dec 08, 2017","64.480","64.565","64.590","64.435","-0.14%"
"Dec 07, 2017","64.570","64.510","64.610","64.490","0.06%"
"Dec 06, 2017","64.530","64.445","64.555","64.398","0.26%"
"Dec 05, 2017","64.360","64.300","64.468","64.230","-0.03%"
"Dec 04, 2017","64.380","64.560","64.560","64.290","-0.22%"
"Dec 01, 2017","64.520","64.505","64.520","64.490","0.05%"
"Nov 30, 2017","64.490","64.550","64.635","64.410","0.20%"
"Nov 29, 2017","64.360","64.420","64.520","64.280","-0.08%"
"Nov 28, 2017","64.410","64.540","64.613","64.370","-0.10%"
"Nov 27, 2017","64.477","64.715","64.828","64.477","-0.31%"
"Nov 24, 2017","64.680","64.590","64.752","64.555","0.17%"
"Nov 23, 2017","64.570","64.815","64.897","64.570","-0.48%"
"Nov 22, 2017","64.880","64.780","64.965","64.720","0.00%"
"Nov 21, 2017","64.880","65.090","65.125","64.880","-0.34%"
"Nov 20, 2017","65.100","64.975","65.125","64.975","0.13%"
"Nov 17, 2017","65.015","64.647","65.072","64.625","-0.43%"
"Nov 16, 2017","65.295","65.285","65.390","65.125","0.04%"
"Nov 15, 2017","65.270","65.440","65.440","65.155","-0.21%"
"Nov 14, 2017","65.410","65.320","65.550","65.292","-0.05%"
"Nov 13, 2017","65.440","65.370","65.535","65.267","0.38%"
"Nov 10, 2017","65.190","65.090","65.208","65.005","0.33%"
"Nov 09, 2017","64.975","64.945","65.002","64.852","0.08%"
"Nov 08, 2017","64.920","65.135","65.165","64.920","-0.22%"
"Nov 07, 2017","65.060","64.660","65.070","64.615","0.67%"
"Nov 06, 2017","64.625","64.665","64.742","64.625","0.10%"
"Nov 03, 2017","64.560","64.580","64.650","64.520","-0.02%"
"Nov 02, 2017","64.575","64.535","64.675","64.475","0.02%"
"Nov 01, 2017","64.565","64.705","64.705","64.510","-0.29%"
"Oct 31, 2017","64.750","64.840","64.850","64.730","-0.17%"
"Oct 30, 2017","64.860","64.890","64.960","64.800","-0.28%"
"Oct 27, 2017","65.040","65.025","65.110","64.965","0.31%"
"Oct 26, 2017","64.840","64.785","64.920","64.730","-0.13%"
"Oct 25, 2017","64.925","65.145","65.200","64.885","-0.25%"
"Oct 24, 2017","65.090","64.980","65.125","64.900","0.10%"
"Oct 23, 2017","65.023","65.075","65.115","64.980","-0.03%"
"Oct 20, 2017","65.040","65.000","65.045","64.995","0.07%"
"Oct 19, 2017","64.995","65.033","65.080","64.995","-0.09%"
"Oct 18, 2017","65.055","64.995","65.170","64.965","0.04%"
"Oct 17, 2017","65.030","64.795","65.040","64.795","0.51%"
"Oct 16, 2017","64.700","64.745","64.770","64.690","0.00%"
"Oct 13, 2017","64.700","64.955","64.965","64.700","-0.55%"
"Oct 12, 2017","65.060","65.160","65.165","65.035","-0.15%"
"Oct 11, 2017","65.160","65.260","65.325","65.130","-0.14%"
"Oct 10, 2017","65.250","65.355","65.380","65.205","-0.16%"
"Oct 09, 2017","65.355","65.375","65.430","65.275","-0.07%"
"Oct 06, 2017","65.400","65.200","65.405","65.200","0.39%"
"Oct 05, 2017","65.145","65.095","65.195","64.975","0.18%"
"Oct 04, 2017","65.030","65.345","65.385","64.950","-0.69%"
"Oct 03, 2017","65.485","65.595","65.637","65.465","0.27%"
"Oct 02, 2017","65.310","65.310","65.310","65.310","0.00%"
"Sep 29, 2017","65.310","65.352","65.465","65.235","-0.24%"
"Sep 28, 2017","65.470","65.835","65.900","65.470","-0.37%"
"Sep 27, 2017","65.715","65.365","65.755","65.345","0.39%"
"Sep 26, 2017","65.460","65.245","65.490","65.155","0.51%"
"Sep 25, 2017","65.127","64.845","65.175","64.725","0.51%"
"Sep 22, 2017","64.795","64.805","65.155","64.755","-0.02%"
"Sep 21, 2017","64.810","64.515","64.855","64.450","0.80%"
"Sep 20, 2017","64.293","64.245","64.435","64.245","-0.01%"
"Sep 19, 2017","64.300","64.190","64.350","64.130","0.22%"
"Sep 18, 2017","64.158","64.055","64.168","64.002","0.07%"
"Sep 15, 2017","64.110","64.145","64.145","64.042","-0.02%"
"Sep 14, 2017","64.123","64.168","64.172","64.062","0.18%"
"Sep 13, 2017","64.010","63.990","64.050","63.970","-0.03%"
"Sep 12, 2017","64.031","63.985","64.055","63.935","0.15%"
"Sep 11, 2017","63.935","63.905","63.940","63.838","0.24%"
"Sep 08, 2017","63.785","63.870","63.960","63.780","-0.36%"
"Sep 07, 2017","64.015","64.042","64.055","63.980","-0.07%"
"Sep 06, 2017","64.060","64.105","64.262","64.060","-0.07%"
"Sep 05, 2017","64.105","64.105","64.162","64.080","0.10%"
"Sep 04, 2017","64.040","63.945","64.178","63.935","0.02%"
"Sep 01, 2017","64.025","63.925","64.055","63.875","0.14%"
"Aug 31, 2017","63.935","64.035","64.060","63.895","-0.09%"
"Aug 30, 2017","63.990","63.975","64.020","63.875","-0.04%"
"Aug 29, 2017","64.015","63.955","64.037","63.925","0.17%"
"Aug 28, 2017","63.905","63.890","63.930","63.855","-0.16%"
"Aug 25, 2017","64.005","64.055","64.065","64.005","-0.06%"
"Aug 24, 2017","64.045","64.040","64.090","64.005","0.00%"
"Aug 23, 2017","64.045","64.045","64.147","64.045","-0.04%"
"Aug 22, 2017","64.072","64.095","64.150","64.050","-0.06%"
"Aug 21, 2017","64.110","64.075","64.157","64.015","0.02%"
"Aug 18, 2017","64.095","64.185","64.185","64.082","-0.12%"
"Aug 17, 2017","64.170","64.170","64.170","64.170","0.00%"
"Aug 16, 2017","64.170","64.275","64.328","64.140","0.08%"
"Aug 15, 2017","64.120","64.110","64.120","64.110","0.05%"
"Aug 14, 2017","64.090","63.985","64.148","63.935","-0.08%"
"Aug 11, 2017","64.140","64.230","64.270","64.100","0.07%"
"Aug 10, 2017","64.095","63.955","64.115","63.885","0.37%"
"Aug 09, 2017","63.860","63.785","63.860","63.715","0.26%"
"Aug 08, 2017","63.692","63.755","63.785","63.620","-0.23%"
"Aug 07, 2017","63.840","63.730","63.865","63.668","0.26%"
"Aug 04, 2017","63.675","63.721","63.786","63.624","-0.05%"
"Aug 03, 2017","63.705","63.645","63.720","63.575","0.11%"
"Aug 02, 2017","63.635","64.125","64.135","63.595","-0.72%"
"Aug 01, 2017","64.095","64.105","64.145","64.045","-0.16%"
"Jul 31, 2017","64.200","64.140","64.273","64.075","0.13%"
"Jul 28, 2017","64.115","64.195","64.245","64.110","-0.02%"
"Jul 27, 2017","64.125","64.195","64.218","64.075","-0.36%"
"Jul 26, 2017","64.355","64.472","64.487","64.355","-0.05%"
"Jul 25, 2017","64.385","64.355","64.425","64.345","-0.02%"
"Jul 24, 2017","64.395","64.415","64.465","64.300","0.02%"
"Jul 21, 2017","64.385","64.385","64.390","64.305","0.02%"
"Jul 20, 2017","64.375","64.345","64.460","64.325","0.16%"
"Jul 19, 2017","64.270","64.370","64.370","64.260","-0.07%"
"Jul 18, 2017","64.316","64.370","64.415","64.316","-0.05%"
"Jul 17, 2017","64.345","64.365","64.407","64.345","-0.12%"
"Jul 14, 2017","64.424","64.488","64.525","64.424","-0.06%"
"Jul 13, 2017","64.460","64.398","64.475","64.398","-0.02%"
"Jul 12, 2017","64.475","64.535","64.600","64.475","-0.14%"
"Jul 11, 2017","64.565","64.465","64.605","64.460","0.14%"
"Jul 10, 2017","64.475","64.585","64.597","64.475","-0.23%"
"Jul 07, 2017","64.625","64.775","64.775","64.540","-0.15%"
"Jul 06, 2017","64.725","64.755","64.808","64.705","-0.12%"
"Jul 05, 2017","64.800","64.705","64.865","64.675","0.02%"
"Jul 04, 2017","64.790","64.805","64.897","64.705","-0.08%"
"Jul 03, 2017","64.845","64.655","64.910","64.635","0.35%"
"Jun 30, 2017","64.620","64.730","64.840","64.575","-0.06%"
"Jun 29, 2017","64.660","64.455","64.690","64.442","0.21%"
"Jun 28, 2017","64.525","64.575","64.660","64.510","0.08%"
"Jun 27, 2017","64.475","64.485","64.545","64.405","0.06%"
"Jun 26, 2017","64.435","64.465","64.465","64.435","-0.11%"
"Jun 23, 2017","64.505","64.585","64.618","64.445","-0.15%"
"Jun 22, 2017","64.605","64.545","64.630","64.455","0.12%"
"Jun 21, 2017","64.530","64.635","64.680","64.490","-0.02%"
"Jun 20, 2017","64.540","64.485","64.540","64.412","0.07%"
"Jun 19, 2017","64.495","64.445","64.505","64.340","0.05%"
"Jun 16, 2017","64.465","64.690","64.750","64.405","-0.15%"
"Jun 15, 2017","64.565","64.295","64.620","64.260","0.51%"
"Jun 14, 2017","64.235","64.335","64.367","64.235","-0.17%"
"Jun 13, 2017","64.345","64.455","64.515","64.345","-0.21%"
"Jun 12, 2017","64.480","64.350","64.490","64.320","0.37%"
"Jun 09, 2017","64.245","64.275","64.340","64.167","-0.01%"
"Jun 08, 2017","64.250","64.410","64.430","64.208","-0.29%"
"Jun 07, 2017","64.435","64.515","64.535","64.315","0.01%"
"Jun 06, 2017","64.430","64.340","64.485","64.315","0.12%"
"Jun 05, 2017","64.350","64.320","64.400","64.290","-0.10%"
"Jun 02, 2017","64.415","64.345","64.520","64.345","-0.10%"
"Jun 01, 2017","64.478","64.525","64.598","64.433","-0.05%"
"May 31, 2017","64.510","64.605","64.605","64.460","-0.19%"
"May 30, 2017","64.635","64.645","64.707","64.605","0.15%"
"May 29, 2017","64.540","64.485","64.595","64.455","0.05%"
"May 26, 2017","64.510","64.565","64.630","64.425","-0.07%"
"May 25, 2017","64.555","64.578","64.650","64.480","-0.33%"
"May 24, 2017","64.770","64.930","64.970","64.715","-0.19%"
"May 23, 2017","64.895","64.685","64.920","64.655","0.60%"
"May 22, 2017","64.510","64.530","64.655","64.460","-0.09%"
"May 19, 2017","64.565","64.725","65.025","64.565","-0.49%"
"May 18, 2017","64.880","64.400","64.920","64.327","1.17%"
"May 17, 2017","64.130","64.000","64.175","63.990","0.13%"
"May 16, 2017","64.045","64.075","64.165","64.040","-0.03%"
"May 15, 2017","64.065","64.130","64.180","64.025","-0.28%"
"May 12, 2017","64.243","64.305","64.377","64.243","-0.25%"
"May 11, 2017","64.405","64.595","64.595","64.350","-0.33%"
"May 10, 2017","64.615","64.694","64.694","64.555","-0.10%"
"May 09, 2017","64.680","64.440","64.705","64.440","0.50%"
"May 08, 2017","64.360","64.260","64.385","64.210","0.07%"
"May 05, 2017","64.315","64.235","64.395","64.235","0.16%"
"May 04, 2017","64.215","64.195","64.250","64.180","0.08%"
"May 03, 2017","64.165","64.140","64.200","64.115","0.00%"
"May 02, 2017","64.165","64.147","64.250","64.125","-0.14%"
"May 01, 2017","64.255","64.285","64.285","64.255","-0.05%"
"Apr 28, 2017","64.290","64.130","64.400","64.130","0.27%"
"Apr 27, 2017","64.115","64.065","64.175","63.985","-0.02%"
"Apr 26, 2017","64.130","64.320","64.330","63.940","-0.31%"
"Apr 25, 2017","64.330","64.425","64.425","64.215","-0.25%"
"Apr 24, 2017","64.490","64.537","64.542","64.410","-0.25%"
"Apr 21, 2017","64.650","64.660","64.690","64.565","0.05%"
"Apr 20, 2017","64.620","64.640","64.727","64.536","-0.07%"
"Apr 19, 2017","64.665","64.575","64.665","64.525","0.09%"
"Apr 18, 2017","64.605","64.515","64.655","64.485","0.19%"
"Apr 17, 2017","64.480","64.440","64.550","64.305","0.00%"
"Apr 14, 2017","64.480","64.443","64.480","64.443","0.05%"
"Apr 13, 2017","64.445","64.455","64.493","64.272","-0.38%"
"Apr 12, 2017","64.690","64.625","64.730","64.535","0.21%"
"Apr 11, 2017","64.555","64.575","64.695","64.410","-0.08%"
"Apr 10, 2017","64.605","64.325","64.610","64.325","0.52%"
"Apr 07, 2017","64.270","64.599","64.744","64.154","-0.52%"
"Apr 06, 2017","64.606","65.044","65.059","64.504","-0.41%"
"Apr 05, 2017","64.875","65.075","65.175","64.875","-0.31%"
"Apr 04, 2017","65.080","65.150","65.150","65.070","0.15%"
"Apr 03, 2017","64.985","64.825","65.110","64.785","0.19%"
"Mar 31, 2017","64.860","64.930","64.990","64.800","0.00%"
"Mar 30, 2017","64.860","64.850","64.990","64.850","-0.02%"
"Mar 29, 2017","64.875","65.125","65.125","64.865","-0.26%"
"Mar 28, 2017","65.045","65.110","65.135","65.040","0.08%"
"Mar 27, 2017","64.995","65.295","65.295","64.980","-0.66%"
"Mar 24, 2017","65.425","65.505","65.545","65.385","-0.05%"
"Mar 23, 2017","65.455","65.425","65.588","65.400","0.00%"
"Mar 22, 2017","65.455","65.585","65.590","65.395","0.17%"
"Mar 21, 2017","65.345","65.424","65.475","65.234","0.00%"
"Mar 20, 2017","65.345","65.425","65.495","65.315","-0.20%"
"Mar 17, 2017","65.475","65.485","65.675","65.405","0.14%"
"Mar 16, 2017","65.385","65.405","65.535","65.255","-0.37%"
"Mar 15, 2017","65.630","65.770","65.790","65.420","-0.22%"
"Mar 14, 2017","65.775","66.225","66.265","65.750","-0.61%"
"Mar 13, 2017","66.180","66.150","66.190","66.150","-0.56%"
"Mar 10, 2017","66.555","66.745","66.745","66.555","-0.20%"
"Mar 09, 2017","66.690","66.837","66.875","66.665","-0.11%"
"Mar 08, 2017","66.765","66.633","66.770","66.630","0.21%"
"Mar 07, 2017","66.625","66.680","66.700","66.595","-0.07%"
"Mar 06, 2017","66.675","66.800","66.800","66.660","-0.16%"
"Mar 03, 2017","66.780","66.900","66.910","66.780","-0.01%"
"Mar 02, 2017","66.785","66.782","66.808","66.690","-0.12%"
"Mar 01, 2017","66.865","66.715","66.915","66.715","0.21%"
"Feb 28, 2017","66.725","66.765","66.835","66.645","0.04%"
"Feb 27, 2017","66.700","66.720","66.780","66.650","0.08%"
"Feb 24, 2017","66.645","66.656","66.705","66.615","-0.07%"
"Feb 23, 2017","66.690","66.905","66.965","66.690","-0.39%"
"Feb 22, 2017","66.950","67.007","67.067","66.927","-0.05%"
"Feb 21, 2017","66.985","66.990","67.025","66.947","0.12%"
"Feb 20, 2017","66.905","67.070","67.070","66.905","-0.26%"
"Feb 17, 2017","67.080","67.140","67.167","67.000","0.00%"
"Feb 16, 2017","67.080","66.960","67.135","66.915","0.31%"
"Feb 15, 2017","66.875","66.945","67.005","66.875","0.06%"
"Feb 14, 2017","66.835","66.925","67.000","66.805","-0.21%"
"Feb 13, 2017","66.975","66.952","67.087","66.947","0.18%"
"Feb 10, 2017","66.854","66.851","67.021","66.801","0.13%"
"Feb 09, 2017","66.765","67.065","67.088","66.725","-0.43%"
"Feb 08, 2017","67.050","67.385","67.385","67.050","-0.45%"
"Feb 07, 2017","67.350","67.200","67.465","67.200","0.23%"
"Feb 06, 2017","67.195","67.225","67.255","67.145","0.02%"
"Feb 03, 2017","67.184","67.209","67.429","67.184","-0.04%"
"Feb 02, 2017","67.210","67.385","67.510","67.210","-0.30%"
"Feb 01, 2017","67.415","67.669","67.704","67.415","-0.15%"
"Jan 31, 2017","67.515","67.844","67.918","67.455","-0.46%"
"Jan 30, 2017","67.829","68.106","68.120","67.755","-0.41%"
"Jan 27, 2017","68.105","68.191","68.255","68.015","-0.10%"
"Jan 26, 2017","68.176","67.985","68.234","67.965","0.28%"
"Jan 25, 2017","67.988","68.137","68.200","67.970","-0.22%"
"Jan 24, 2017","68.138","68.050","68.180","68.040","0.13%"
"Jan 23, 2017","68.051","68.081","68.233","68.000","-0.04%"
"Jan 20, 2017","68.075","68.115","68.295","67.978","-0.04%"
"Jan 19, 2017","68.100","68.222","68.319","68.069","-0.18%"
"Jan 18, 2017","68.220","67.853","68.220","67.853","0.53%"
"Jan 17, 2017","67.862","68.103","68.158","67.855","-0.35%"
"Jan 16, 2017","68.103","68.168","68.280","68.070","-0.11%"
"Jan 13, 2017","68.180","68.150","68.290","68.097","0.06%"
"Jan 12, 2017","68.141","68.195","68.196","67.950","-0.25%"
"Jan 11, 2017","68.312","68.370","68.546","68.223","-0.02%"
"Jan 10, 2017","68.327","68.110","68.351","67.988","0.33%"
"Jan 09, 2017","68.100","68.116","68.305","68.070","-0.02%"
"Jan 06, 2017","68.115","67.755","68.198","67.755","0.55%"
"Jan 05, 2017","67.743","67.895","68.013","67.730","-0.21%"
"Jan 04, 2017","67.886","68.280","68.300","67.850","-0.55%"
"Jan 03, 2017","68.260","68.147","68.438","68.045","0.17%"
"Jan 02, 2017","68.145","67.951","68.231","67.906","0.28%"
"Dec 30, 2016","67.955","67.935","68.000","67.850","0.03%"
"Dec 29, 2016","67.935","68.232","68.258","67.905","-0.44%"
"Dec 28, 2016","68.233","67.977","68.261","67.955","0.38%"
"Dec 27, 2016","67.978","67.820","68.090","67.760","0.32%"
"Dec 26, 2016","67.760","67.841","67.863","67.705","-0.11%"
"Dec 23, 2016","67.837","67.845","67.950","67.740","-0.02%"
"Dec 22, 2016","67.848","67.838","68.040","67.820","0.02%"
"Dec 21, 2016","67.837","67.917","67.970","67.770","-0.12%"
"Dec 20, 2016","67.917","67.847","68.111","67.810","0.11%"
"Dec 19, 2016","67.844","67.850","67.900","67.708","-0.02%"
"Dec 16, 2016","67.855","67.855","67.880","67.738","-0.00%"
"Dec 15, 2016","67.857","67.770","67.950","67.688","0.57%"
"Dec 14, 2016","67.475","67.425","67.605","67.400","0.09%"
"Dec 13, 2016","67.411","67.428","67.609","67.380","-0.03%"
"Dec 12, 2016","67.431","67.471","67.649","67.370","-0.06%"
"Dec 09, 2016","67.470","67.410","67.640","67.368","-0.11%"
"Dec 08, 2016","67.546","67.445","67.571","67.318","0.16%"
"Dec 07, 2016","67.438","67.738","67.980","67.425","-0.45%"
"Dec 06, 2016","67.742","68.026","68.158","67.675","-0.42%"
"Dec 05, 2016","68.025","68.021","68.275","68.015","-0.01%"
"Dec 02, 2016","68.031","68.235","68.393","68.010","-0.30%"
"Dec 01, 2016","68.236","68.595","68.598","68.190","-0.53%"
"Nov 30, 2016","68.598","68.615","68.710","68.368","-0.02%"
"Nov 29, 2016","68.615","68.575","68.776","68.561","0.05%"
"Nov 28, 2016","68.579","68.519","68.810","68.355","0.09%"
"Nov 25, 2016","68.519","68.755","68.761","68.300","-0.35%"
"Nov 24, 2016","68.761","68.810","68.870","68.578","-0.03%"
"Nov 23, 2016","68.784","68.395","68.881","68.360","0.57%"
"Nov 22, 2016","68.396","68.225","68.490","68.060","0.25%"
"Nov 21, 2016","68.228","68.185","68.293","68.020","0.05%"
"Nov 18, 2016","68.191","68.030","68.250","67.940","0.25%"
"Nov 17, 2016","68.023","67.983","68.075","67.767","0.04%"
"Nov 16, 2016","67.999","67.785","68.120","67.618","0.31%"
"Nov 15, 2016","67.786","67.786","67.875","67.530","0.00%"
"Nov 14, 2016","67.785","67.520","67.786","67.460","0.33%"
"Nov 11, 2016","67.565","67.301","67.565","66.985","1.05%"
"Nov 10, 2016","66.865","66.468","66.865","66.330","0.53%"
"Nov 09, 2016","66.515","66.261","66.945","66.242","0.41%"
"Nov 08, 2016","66.246","66.745","66.748","66.242","-0.75%"
"Nov 07, 2016","66.745","66.795","66.805","66.676","-0.08%"
"Nov 04, 2016","66.796","66.665","66.805","66.650","0.19%"
"Nov 03, 2016","66.668","66.778","66.798","66.630","-0.14%"
"Nov 02, 2016","66.762","66.695","66.870","66.630","0.10%"
"Nov 01, 2016","66.696","66.685","66.780","66.660","0.01%"
"Oct 31, 2016","66.686","66.779","66.800","66.650","-0.14%"
"Oct 28, 2016","66.778","66.894","66.934","66.691","-0.15%"
"Oct 27, 2016","66.881","66.862","66.963","66.790","0.03%"
"Oct 26, 2016","66.863","66.812","66.900","66.758","0.09%"
"Oct 25, 2016","66.806","66.851","66.940","66.740","-0.06%"
"Oct 24, 2016","66.845","66.921","66.935","66.766","-0.12%"
"Oct 21, 2016","66.926","66.852","67.005","66.760","0.14%"
"Oct 20, 2016","66.830","66.638","66.870","66.610","0.28%"
"Oct 19, 2016","66.645","66.740","66.775","66.610","-0.13%"
"Oct 18, 2016","66.733","66.789","66.802","66.650","-0.08%"
"Oct 17, 2016","66.789","66.718","66.900","66.715","0.11%"
"Oct 14, 2016","66.717","66.794","66.910","66.640","-0.12%"
"Oct 13, 2016","66.794","66.827","66.990","66.730","-0.03%"
"Oct 12, 2016","66.812","66.819","66.885","66.730","-0.03%"
"Oct 11, 2016","66.834","66.508","66.862","66.494","0.51%"
"Oct 10, 2016","66.492","66.602","66.620","66.473","-0.17%"
"Oct 07, 2016","66.602","66.696","66.890","66.535","-0.14%"
"Oct 06, 2016","66.697","66.574","66.796","66.554","0.19%"
"Oct 05, 2016","66.572","66.613","66.675","66.505","-0.06%"
"Oct 04, 2016","66.609","66.494","66.630","66.373","0.09%"
"Oct 03, 2016","66.546","66.555","66.610","66.430","-0.02%"
"Sep 30, 2016","66.556","66.802","66.873","66.510","-0.38%"
"Sep 29, 2016","66.812","66.346","66.955","66.327","0.70%"
"Sep 28, 2016","66.349","66.470","66.548","66.346","-0.11%"
"Sep 27, 2016","66.425","66.629","66.712","66.425","-0.28%"
"Sep 26, 2016","66.613","66.707","66.805","66.547","-0.14%"
"Sep 23, 2016","66.707","66.635","66.750","66.593","0.11%"
"Sep 22, 2016","66.633","66.762","66.903","66.530","-0.17%"
"Sep 21, 2016","66.744","66.988","67.145","66.738","-0.36%"
"Sep 20, 2016","66.985","66.980","67.070","66.910","0.01%"
"Sep 19, 2016","66.980","67.076","67.080","66.870","-0.14%"
"Sep 16, 2016","67.075","66.863","67.120","66.775","0.32%"
"Sep 15, 2016","66.860","66.798","67.085","66.767","0.09%"
"Sep 14, 2016","66.798","67.131","67.132","66.786","-0.51%"
"Sep 13, 2016","67.140","66.738","67.148","66.732","0.60%"
"Sep 12, 2016","66.738","66.850","66.995","66.727","-0.23%"
"Sep 09, 2016","66.895","66.653","66.895","66.460","0.40%"
"Sep 08, 2016","66.631","66.478","66.676","66.365","0.23%"
"Sep 07, 2016","66.478","66.370","66.506","66.310","0.30%"
"Sep 06, 2016","66.280","66.550","66.580","66.270","-0.29%"
"Sep 05, 2016","66.470","66.650","66.665","66.435","-0.49%"
"Sep 02, 2016","66.795","66.833","66.897","66.617","-0.01%"
"Sep 01, 2016","66.801","66.962","67.095","66.758","-0.26%"
"Aug 31, 2016","66.973","67.148","67.155","66.920","-0.25%"
"Aug 30, 2016","67.144","67.096","67.155","66.934","0.05%"
"Aug 29, 2016","67.113","67.137","67.215","67.060","-0.03%"
"Aug 26, 2016","67.136","67.014","67.161","66.831","0.18%"
"Aug 25, 2016","67.016","67.167","67.167","67.000","-0.22%"
"Aug 24, 2016","67.167","67.153","67.295","67.087","0.07%"
"Aug 23, 2016","67.122","67.194","67.211","67.030","-0.12%"
"Aug 22, 2016","67.202","67.138","67.370","67.095","0.10%"
"Aug 19, 2016","67.137","66.822","67.205","66.822","0.46%"
"Aug 18, 2016","66.830","66.904","66.916","66.717","-0.09%"
"Aug 17, 2016","66.893","66.857","66.986","66.840","0.03%"
"Aug 16, 2016","66.870","66.865","66.938","66.688","0.03%"
"Aug 15, 2016","66.853","66.910","66.960","66.792","-0.08%"
"Aug 12, 2016","66.908","66.750","66.926","66.738","0.24%"
"Aug 11, 2016","66.750","66.765","66.920","66.738","-0.02%"
"Aug 10, 2016","66.765","66.772","66.808","66.600","-0.01%"
"Aug 09, 2016","66.774","66.816","66.985","66.738","-0.05%"
"Aug 08, 2016","66.810","66.840","66.865","66.673","-0.05%"
"Aug 05, 2016","66.842","66.843","66.901","66.710","0.00%"
"Aug 04, 2016","66.840","66.782","67.010","66.740","0.11%"
"Aug 03, 2016","66.767","66.687","67.015","66.682","0.13%"
"Aug 02, 2016","66.682","66.767","66.805","66.570","-0.12%"
"Aug 01, 2016","66.764","66.720","66.810","66.640","0.16%"
"Jul 29, 2016","66.655","67.032","67.113","66.625","-0.54%"
"Jul 28, 2016","67.014","67.058","67.115","66.940","-0.09%"
"Jul 27, 2016","67.072","67.294","67.379","67.042","-0.37%"
"Jul 26, 2016","67.321","67.415","67.438","67.255","-0.13%"
"Jul 25, 2016","67.412","67.150","67.480","67.090","0.38%"
"Jul 22, 2016","67.154","67.163","67.217","67.042","0.00%"
"Jul 21, 2016","67.153","67.174","67.273","67.081","-0.01%"
"Jul 20, 2016","67.163","67.188","67.255","67.095","-0.06%"
"Jul 19, 2016","67.204","67.137","67.240","67.063","0.10%"
"Jul 18, 2016","67.137","67.096","67.220","67.012","-0.01%"
"Jul 15, 2016","67.141","66.843","67.175","66.843","0.45%"
"Jul 14, 2016","66.843","67.006","67.042","66.802","-0.26%"
"Jul 13, 2016","67.016","67.060","67.225","66.935","0.06%"
"Jul 12, 2016","66.975","67.172","67.220","66.975","-0.24%"
"Jul 11, 2016","67.138","67.139","67.308","67.010","-0.00%"
"Jul 08, 2016","67.139","67.495","67.517","67.070","-0.53%"
"Jul 07, 2016","67.495","67.404","67.539","67.304","0.12%"
"Jul 06, 2016","67.411","67.438","67.555","67.360","-0.03%"
"Jul 05, 2016","67.434","67.255","67.525","67.244","0.25%"
"Jul 04, 2016","67.265","67.190","67.300","67.118","0.11%"
"Jul 01, 2016","67.190","67.509","67.514","67.150","-0.47%"
"Jun 30, 2016","67.504","67.394","67.720","67.394","0.12%"
"Jun 29, 2016","67.422","67.715","67.850","67.375","-0.43%"
"Jun 28, 2016","67.715","67.898","67.980","67.650","-0.29%"
"Jun 27, 2016","67.914","67.888","68.090","67.780","0.04%"
"Jun 24, 2016","67.885","67.278","68.223","67.247","0.90%"
"Jun 23, 2016","67.279","67.442","67.480","67.200","-0.25%"
"Jun 22, 2016","67.449","67.640","67.678","67.342","-0.26%"
"Jun 21, 2016","67.624","67.497","67.755","67.335","0.11%"
"Jun 20, 2016","67.551","67.073","67.690","67.073","0.71%"
"Jun 17, 2016","67.074","67.318","67.318","67.042","-0.36%"
"Jun 16, 2016","67.315","67.079","67.454","67.077","0.35%"
"Jun 15, 2016","67.079","67.291","67.353","67.000","-0.32%"
"Jun 14, 2016","67.292","67.188","67.396","67.061","0.16%"
"Jun 13, 2016","67.187","66.960","67.220","66.900","0.35%"
"Jun 10, 2016","66.952","66.783","67.010","66.717","0.30%"
"Jun 09, 2016","66.753","66.491","66.795","66.473","0.38%"
"Jun 08, 2016","66.500","66.658","66.821","66.451","-0.24%"
"Jun 07, 2016","66.658","66.809","66.970","66.635","-0.20%"
"Jun 06, 2016","66.790","66.888","67.055","66.789","-0.31%"
"Jun 03, 2016","67.000","67.285","67.380","67.000","-0.40%"
"Jun 02, 2016","67.268","67.484","67.510","67.215","-0.25%"
"Jun 01, 2016","67.434","67.207","67.519","67.120","0.33%"
"May 31, 2016","67.209","67.170","67.338","67.106","0.06%"
"May 30, 2016","67.171","67.040","67.380","67.031","0.21%"
"May 27, 2016","67.031","66.942","67.135","66.875","0.16%"
"May 26, 2016","66.927","67.300","67.415","66.903","-0.51%"
"May 25, 2016","67.273","67.630","67.712","67.223","-0.53%"
"May 24, 2016","67.630","67.429","67.780","67.417","0.33%"
"May 23, 2016","67.409","67.430","67.590","67.243","0.00%"
"May 20, 2016","67.408","67.436","67.545","67.320","-0.04%"
"May 19, 2016","67.436","67.143","67.610","67.103","0.44%"
"May 18, 2016","67.140","66.824","67.169","66.824","0.47%"
"May 17, 2016","66.825","66.845","66.901","66.675","-0.03%"
"May 16, 2016","66.844","66.925","66.944","66.730","-0.02%"
"May 13, 2016","66.855","66.757","66.925","66.720","0.15%"
"May 12, 2016","66.757","66.561","66.781","66.520","0.29%"
"May 11, 2016","66.561","66.631","66.845","66.520","-0.11%"
"May 10, 2016","66.631","66.752","66.786","66.542","-0.18%"
"May 09, 2016","66.752","66.602","66.800","66.395","0.23%"
"May 06, 2016","66.600","66.568","66.715","66.480","0.06%"
"May 05, 2016","66.558","66.627","66.675","66.458","-0.10%"
"May 04, 2016","66.627","66.579","66.689","66.500","0.10%"
"May 03, 2016","66.558","66.343","66.582","66.235","0.32%"
"May 02, 2016","66.346","66.425","66.465","66.320","-0.12%"
"Apr 29, 2016","66.425","66.395","66.570","66.290","0.04%"
"Apr 28, 2016","66.401","66.391","66.562","66.320","0.06%"
"Apr 27, 2016","66.362","66.406","66.612","66.344","-0.06%"
"Apr 26, 2016","66.404","66.693","66.852","66.397","-0.42%"
"Apr 25, 2016","66.685","66.660","66.765","66.590","0.04%"
"Apr 22, 2016","66.660","66.502","66.731","66.457","0.26%"
"Apr 21, 2016","66.489","66.165","66.528","66.164","0.49%"
"Apr 20, 2016","66.166","66.137","66.360","66.095","0.02%"
"Apr 19, 2016","66.150","66.417","66.502","66.129","-0.40%"
"Apr 18, 2016","66.416","66.660","66.720","66.415","-0.37%"
"Apr 15, 2016","66.660","66.597","66.680","66.469","0.09%"
"Apr 14, 2016","66.597","66.506","66.690","66.479","0.15%"
"Apr 13, 2016","66.496","66.277","66.680","66.271","0.32%"
"Apr 12, 2016","66.283","66.301","66.567","66.272","-0.01%"
"Apr 11, 2016","66.287","66.555","66.603","66.280","-0.40%"
"Apr 08, 2016","66.551","66.757","66.787","66.475","-0.31%"
"Apr 07, 2016","66.757","66.517","66.826","66.422","0.36%"
"Apr 06, 2016","66.517","66.420","66.745","66.380","0.14%"
"Apr 05, 2016","66.422","66.112","66.558","66.080","0.48%"
"Apr 04, 2016","66.106","66.310","66.387","66.024","-0.39%"
"Apr 01, 2016","66.365","66.355","66.502","66.270","0.17%"
"Mar 31, 2016","66.255","66.235","66.358","66.125","-0.18%"
"Mar 30, 2016","66.375","66.295","66.502","66.265","0.00%"
"Mar 29, 2016","66.375","66.610","66.660","66.366","-0.35%"
"Mar 28, 2016","66.608","66.790","66.912","66.511","-0.33%"
"Mar 25, 2016","66.829","66.916","66.928","66.745","-0.13%"
"Mar 24, 2016","66.916","66.930","66.948","66.822","-0.02%"
"Mar 23, 2016","66.930","66.755","66.956","66.625","0.26%"
"Mar 22, 2016","66.755","66.500","66.840","66.480","0.38%"
"Mar 21, 2016","66.500","66.383","66.571","66.383","0.17%"
"Mar 18, 2016","66.384","66.630","66.700","66.256","-0.35%"
"Mar 17, 2016","66.619","66.910","66.958","66.605","-0.82%"
"Mar 16, 2016","67.173","67.370","67.460","67.173","-0.30%"
"Mar 15, 2016","67.372","67.138","67.415","67.136","0.35%"
"Mar 14, 2016","67.138","66.973","67.246","66.880","0.32%"
"Mar 11, 2016","66.921","67.303","67.352","66.901","-0.57%"
"Mar 10, 2016","67.302","67.128","67.373","66.895","0.26%"
"Mar 09, 2016","67.128","67.325","67.515","67.062","-0.27%"
"Mar 08, 2016","67.313","66.989","67.470","66.988","0.48%"
"Mar 07, 2016","66.989","66.989","67.156","66.933","0.08%"
"Mar 04, 2016","66.938","67.121","67.355","66.881","-0.27%"
"Mar 03, 2016","67.122","67.410","67.460","67.121","-0.41%"
"Mar 02, 2016","67.395","67.599","67.765","67.392","-0.53%"
"Mar 01, 2016","67.753","68.206","68.360","67.677","-0.67%"
"Feb 29, 2016","68.208","68.737","68.792","68.203","-0.77%"
"Feb 26, 2016","68.737","68.779","68.860","68.630","-0.05%"
"Feb 25, 2016","68.768","68.431","68.909","68.384","0.49%"
"Feb 24, 2016","68.431","68.561","68.660","68.386","-0.19%"
"Feb 23, 2016","68.561","68.553","68.690","68.460","0.04%"
"Feb 22, 2016","68.533","68.690","68.725","68.505","-0.02%"
"Feb 19, 2016","68.545","68.531","68.686","68.521","0.00%"
"Feb 18, 2016","68.542","68.322","68.600","68.316","0.31%"
"Feb 17, 2016","68.329","68.482","68.690","68.314","-0.21%"
"Feb 16, 2016","68.474","68.140","68.512","68.061","0.50%"
"Feb 15, 2016","68.131","68.119","68.270","68.010","0.02%"
"Feb 12, 2016","68.118","68.471","68.496","68.110","-0.52%"
"Feb 11, 2016","68.471","67.862","68.489","67.785","0.90%"
"Feb 10, 2016","67.861","67.910","67.996","67.798","-0.06%"
"Feb 09, 2016","67.901","68.054","68.220","67.882","-0.20%"
"Feb 08, 2016","68.034","67.880","68.068","67.780","0.33%"
"Feb 05, 2016","67.810","67.546","67.840","67.495","0.39%"
"Feb 04, 2016","67.544","67.760","67.895","67.524","-0.57%"
"Feb 03, 2016","67.934","67.977","68.265","67.929","-0.06%"
"Feb 02, 2016","67.975","67.817","68.043","67.764","0.21%"
"Feb 01, 2016","67.835","67.878","67.970","67.640","-0.06%"
"Jan 29, 2016","67.878","68.053","68.180","67.785","-0.26%"
"Jan 28, 2016","68.053","68.150","68.265","68.017","-0.13%"
"Jan 27, 2016","68.144","67.766","68.185","67.739","0.60%"
"Jan 26, 2016","67.739","67.727","67.909","67.697","-0.02%"
"Jan 25, 2016","67.755","67.579","67.850","67.493","0.30%"
"Jan 22, 2016","67.549","67.826","67.869","67.547","-0.37%"
"Jan 21, 2016","67.799","67.955","68.120","67.797","-0.23%"
"Jan 20, 2016","67.958","67.734","68.180","67.731","0.33%"
"Jan 19, 2016","67.734","67.662","67.800","67.525","0.11%"
"Jan 18, 2016","67.661","67.791","67.791","67.500","-0.17%"
"Jan 15, 2016","67.775","67.328","67.869","67.255","0.68%"
"Jan 14, 2016","67.316","66.918","67.490","66.917","0.60%"
"Jan 13, 2016","66.917","66.947","66.953","66.730","-0.04%"
"Jan 12, 2016","66.946","66.766","66.980","66.740","0.28%"
"Jan 11, 2016","66.760","66.874","66.965","66.708","-0.13%"
"Jan 08, 2016","66.847","66.891","66.930","66.600","-0.07%"
"Jan 07, 2016","66.891","66.712","66.981","66.507","0.29%"
"Jan 06, 2016","66.698","66.499","66.905","66.479","0.33%"
"Jan 05, 2016","66.481","66.599","66.663","66.428","-0.15%"
"Jan 04, 2016","66.579","66.165","66.660","66.165","0.52%"
"Jan 01, 2016","66.235","66.209","66.267","66.130","0.04%"
"Dec 31, 2015","66.208","66.484","66.484","66.090","-0.40%"
"Dec 30, 2015","66.475","66.257","66.495","66.234","0.36%"
"Dec 29, 2015","66.235","66.153","66.430","66.136","0.15%"
"Dec 28, 2015","66.137","66.030","66.220","66.030","0.17%"
"Dec 25, 2015","66.025","65.946","66.030","65.946","0.12%"
"Dec 24, 2015","65.947","66.058","66.162","65.946","-0.14%"
"Dec 23, 2015","66.037","66.242","66.285","66.011","-0.31%"
"Dec 22, 2015","66.244","66.268","66.360","66.176","-0.01%"
"Dec 21, 2015","66.251","66.319","66.385","66.189","-0.01%"
"Dec 18, 2015","66.255","66.411","66.535","66.228","-0.25%"
"Dec 17, 2015","66.421","66.454","66.685","66.260","-0.08%"
"Dec 16, 2015","66.476","66.866","66.947","66.431","-0.58%"
"Dec 15, 2015","66.863","67.092","67.135","66.770","-0.34%"
"Dec 14, 2015","67.093","67.100","67.180","66.965","-0.08%"
"Dec 11, 2015","67.148","66.761","67.148","66.743","0.59%"
"Dec 10, 2015","66.756","66.855","66.935","66.681","-0.15%"
"Dec 09, 2015","66.855","66.862","66.960","66.725","-0.00%"
"Dec 08, 2015","66.857","66.777","66.895","66.710","0.13%"
"Dec 07, 2015","66.773","66.643","66.867","66.570","0.20%"
"Dec 04, 2015","66.643","66.790","66.995","66.642","-0.22%"
"Dec 03, 2015","66.790","66.598","66.898","66.561","0.30%"
"Dec 02, 2015","66.591","66.433","66.680","66.432","0.24%"
"Dec 01, 2015","66.434","66.462","66.610","66.385","-0.04%"
"Nov 30, 2015","66.462","66.835","66.945","66.422","-0.67%"
"Nov 27, 2015","66.907","66.660","66.910","66.650","0.51%"
"Nov 26, 2015","66.565","66.371","66.675","66.347","0.30%"
"Nov 25, 2015","66.368","66.261","66.399","66.261","0.16%"
"Nov 24, 2015","66.262","66.398","66.505","66.260","-0.20%"
"Nov 23, 2015","66.395","66.095","66.485","66.057","0.51%"
"Nov 20, 2015","66.058","66.088","66.280","66.044","-0.05%"
"Nov 19, 2015","66.090","66.057","66.240","66.032","0.09%"
"Nov 18, 2015","66.033","66.008","66.325","65.985","0.08%"
"Nov 17, 2015","65.981","65.905","66.095","65.885","0.14%"
"Nov 16, 2015","65.886","66.079","66.260","65.853","-0.26%"
"Nov 13, 2015","66.059","66.190","66.240","66.059","0.01%"
"Nov 12, 2015","66.055","66.135","66.165","66.010","-0.02%"
"Nov 11, 2015","66.070","66.070","66.070","66.070","-0.20%"
"Nov 10, 2015","66.200","66.440","66.490","66.200","-0.41%"
"Nov 09, 2015","66.475","66.420","66.500","66.317","0.51%"
"Nov 06, 2015","66.140","65.817","66.140","65.733","0.43%"
"Nov 05, 2015","65.860","65.609","65.900","65.523","0.38%"
"Nov 04, 2015","65.609","65.592","65.630","65.330","0.06%"
"Nov 03, 2015","65.569","65.568","65.795","65.420","0.01%"
"Nov 02, 2015","65.561","65.413","65.665","65.355","0.21%"
"Oct 30, 2015","65.423","65.444","65.453","65.120","-0.04%"
"Oct 29, 2015","65.449","65.154","65.470","65.120","0.76%"
"Oct 28, 2015","64.954","65.112","65.120","64.833","-0.24%"
"Oct 27, 2015","65.112","64.921","65.117","64.885","0.29%"
"Oct 26, 2015","64.921","64.964","65.025","64.788","0.04%"
"Oct 23, 2015","64.892","64.869","65.060","64.700","0.05%"
"Oct 22, 2015","64.860","65.133","65.173","64.853","-0.44%"
"Oct 21, 2015","65.146","65.024","65.230","65.000","0.19%"
"Oct 20, 2015","65.024","64.920","65.070","64.860","0.16%"
"Oct 19, 2015","64.919","64.703","64.937","64.681","0.33%"
"Oct 16, 2015","64.703","64.780","65.030","64.639","-0.12%"
"Oct 15, 2015","64.779","64.735","64.921","64.680","0.07%"
"Oct 14, 2015","64.736","65.112","65.185","64.730","-0.56%"
"Oct 13, 2015","65.098","64.797","65.192","64.780","0.47%"
"Oct 12, 2015","64.795","64.779","64.890","64.700","0.02%"
"Oct 09, 2015","64.780","64.817","65.004","64.689","-0.06%"
"Oct 08, 2015","64.819","64.935","65.188","64.816","-0.14%"
"Oct 07, 2015","64.907","65.127","65.370","64.815","-0.34%"
"Oct 06, 2015","65.129","65.145","65.440","65.128","-0.01%"
"Oct 05, 2015","65.134","65.155","65.340","65.047","-0.35%"
"Oct 02, 2015","65.364","65.623","65.700","65.358","-0.41%"
"Oct 01, 2015","65.631","65.524","65.680","65.490","0.17%"
"Sep 30, 2015","65.517","65.836","65.955","65.480","-0.49%"
"Sep 29, 2015","65.837","66.413","66.441","65.836","-0.65%"
"Sep 28, 2015","66.267","66.160","66.274","66.020","0.15%"
"Sep 25, 2015","66.170","66.108","66.242","66.070","0.09%"
"Sep 24, 2015","66.110","66.175","66.380","66.040","-0.11%"
"Sep 23, 2015","66.184","65.910","66.186","65.828","0.42%"
"Sep 22, 2015","65.910","65.710","65.970","65.560","0.33%"
"Sep 21, 2015","65.691","65.869","65.950","65.620","-0.27%"
"Sep 18, 2015","65.868","66.117","66.260","65.670","-0.31%"
"Sep 17, 2015","66.071","66.194","66.301","66.066","-0.22%"
"Sep 16, 2015","66.219","66.449","66.520","66.186","-0.34%"
"Sep 15, 2015","66.447","66.279","66.480","66.266","0.28%"
"Sep 14, 2015","66.261","66.242","66.500","66.210","0.03%"
"Sep 11, 2015","66.241","66.309","66.590","66.238","-0.09%"
"Sep 10, 2015","66.299","66.646","66.770","66.298","-0.48%"
"Sep 09, 2015","66.619","66.311","66.650","66.245","0.49%"
"Sep 08, 2015","66.294","66.853","66.913","66.293","-0.89%"
"Sep 07, 2015","66.886","66.726","66.907","66.585","0.30%"
"Sep 04, 2015","66.685","66.124","66.785","66.090","0.89%"
"Sep 03, 2015","66.100","66.202","66.300","66.040","-0.15%"
"Sep 02, 2015","66.202","66.383","66.474","66.125","-0.27%"
"Sep 01, 2015","66.383","66.398","66.470","66.190","-0.04%"
"Aug 31, 2015","66.412","66.151","66.500","66.128","0.40%"
"Aug 28, 2015","66.150","65.985","66.260","65.940","0.28%"
"Aug 27, 2015","65.968","66.141","66.160","65.865","-0.05%"
"Aug 26, 2015","66.004","66.289","66.390","66.004","-0.42%"
"Aug 25, 2015","66.280","66.867","66.910","65.870","-0.80%"
"Aug 24, 2015","66.814","66.390","66.816","66.305","1.18%"
"Aug 21, 2015","66.034","65.441","66.045","65.420","0.92%"
"Aug 20, 2015","65.433","65.097","65.700","65.061","0.50%"
"Aug 19, 2015","65.109","65.409","65.450","65.061","-0.53%"
"Aug 18, 2015","65.454","65.444","65.500","65.300","0.03%"
"Aug 17, 2015","65.436","65.097","65.461","65.070","0.47%"
"Aug 14, 2015","65.129","65.234","65.380","64.960","-0.11%"
"Aug 13, 2015","65.203","64.855","65.340","64.630","0.54%"
"Aug 12, 2015","64.855","64.354","64.960","64.280","0.81%"
"Aug 11, 2015","64.332","63.773","64.392","63.751","0.88%"
"Aug 10, 2015","63.773","63.744","63.920","63.707","0.05%"
"Aug 07, 2015","63.739","63.722","63.970","63.701","0.03%"
"Aug 06, 2015","63.722","63.692","63.830","63.650","0.05%"
"Aug 05, 2015","63.692","63.798","63.940","63.650","-0.17%"
"Aug 04, 2015","63.798","64.178","64.178","63.680","-0.59%"
"Aug 03, 2015","64.177","63.996","64.190","63.930","0.30%"
"Jul 31, 2015","63.988","64.152","64.220","63.864","-0.23%"
"Jul 30, 2015","64.138","63.826","64.160","63.820","0.50%"
"Jul 29, 2015","63.821","63.800","63.950","63.767","0.03%"
"Jul 28, 2015","63.799","64.232","64.243","63.740","-0.63%"
"Jul 27, 2015","64.202","64.160","64.270","64.000","0.15%"
"Jul 24, 2015","64.106","63.922","64.180","63.826","0.29%"
"Jul 23, 2015","63.921","63.570","63.930","63.570","0.55%"
"Jul 22, 2015","63.571","63.567","63.680","63.490","-0.02%"
"Jul 21, 2015","63.583","63.600","63.760","63.537","-0.03%"
"Jul 20, 2015","63.600","63.483","63.750","63.470","0.17%"
"Jul 17, 2015","63.492","63.487","63.540","63.375","0.05%"
"Jul 16, 2015","63.463","63.508","63.564","63.420","-0.07%"
"Jul 15, 2015","63.507","63.278","63.610","63.278","0.36%"
"Jul 14, 2015","63.281","63.450","63.600","63.265","-0.27%"
"Jul 13, 2015","63.450","63.359","63.600","63.315","0.15%"
"Jul 10, 2015","63.358","63.318","63.490","63.308","0.06%"
"Jul 09, 2015","63.318","63.456","63.590","63.290","-0.22%"
"Jul 08, 2015","63.459","63.476","63.660","63.453","-0.03%"
"Jul 07, 2015","63.476","63.263","63.582","63.260","0.34%"
"Jul 06, 2015","63.264","63.427","63.640","63.254","-0.23%"
"Jul 03, 2015","63.411","63.297","63.500","63.297","0.18%"
"Jul 02, 2015","63.299","63.553","63.680","63.296","-0.39%"
"Jul 01, 2015","63.550","63.609","63.712","63.530","-0.08%"
"Jun 30, 2015","63.604","63.707","63.810","63.550","-0.16%"
"Jun 29, 2015","63.707","63.523","63.950","63.450","0.40%"
"Jun 26, 2015","63.452","63.528","63.670","63.450","-0.10%"
"Jun 25, 2015","63.518","63.548","63.650","63.489","-0.01%"
"Jun 24, 2015","63.526","63.590","63.710","63.487","-0.13%"
"Jun 23, 2015","63.607","63.532","63.695","63.499","0.13%"
"Jun 22, 2015","63.523","63.532","63.590","63.440","0.04%"
"Jun 19, 2015","63.500","63.579","63.870","63.420","-0.12%"
"Jun 18, 2015","63.577","63.905","63.950","63.566","-0.68%"
"Jun 17, 2015","64.011","64.166","64.280","63.989","-0.24%"
"Jun 16, 2015","64.166","64.081","64.330","63.996","0.13%"
"Jun 15, 2015","64.085","64.100","64.200","64.000","-0.02%"
"Jun 12, 2015","64.100","63.985","64.200","63.900","0.22%"
"Jun 11, 2015","63.959","63.782","64.030","63.750","0.30%"
"Jun 10, 2015","63.766","64.039","64.071","63.760","-0.38%"
"Jun 09, 2015","64.010","63.963","64.090","63.850","0.10%"
"Jun 08, 2015","63.947","64.111","64.180","63.925","0.28%"
"Jun 05, 2015","63.770","63.963","64.035","63.750","-0.30%"
"Jun 04, 2015","63.964","63.996","64.270","63.916","-0.05%"
"Jun 03, 2015","63.997","63.699","64.080","63.669","0.48%"
"Jun 02, 2015","63.689","63.610","63.970","63.590","0.15%"
"Jun 01, 2015","63.594","63.733","63.841","63.530","-0.23%"
"May 29, 2015","63.743","63.790","63.946","63.680","-0.03%"
"May 28, 2015","63.763","63.823","64.000","63.745","-0.10%"
"May 27, 2015","63.826","63.983","64.170","63.820","-0.23%"
"May 26, 2015","63.972","63.493","64.020","63.490","0.75%"
"May 25, 2015","63.496","63.511","63.680","63.490","0.01%"
"May 22, 2015","63.490","63.578","63.681","63.430","-0.14%"
"May 21, 2015","63.580","63.612","63.750","63.510","-0.03%"
"May 20, 2015","63.598","63.781","63.900","63.555","-0.26%"
"May 19, 2015","63.763","63.725","63.850","63.520","0.09%"
"May 18, 2015","63.708","63.442","63.750","63.425","0.42%"
"May 15, 2015","63.440","63.403","63.662","63.347","0.09%"
"May 14, 2015","63.383","64.014","64.063","63.379","-0.98%"
"May 13, 2015","64.013","64.146","64.281","63.845","-0.21%"
"May 12, 2015","64.147","64.007","64.390","63.998","0.22%"
"May 11, 2015","64.007","63.705","64.022","63.705","0.46%"
"May 08, 2015","63.711","64.071","64.230","63.657","-0.56%"
"May 07, 2015","64.073","63.635","64.290","63.623","0.71%"
"May 06, 2015","63.621","63.376","63.685","63.310","0.40%"
"May 05, 2015","63.369","63.562","63.620","63.315","-0.23%"
"May 04, 2015","63.516","63.692","63.693","63.516","-0.32%"
"May 01, 2015","63.719","63.531","63.720","63.500","0.30%"
"Apr 30, 2015","63.529","63.440","63.740","63.398","0.11%"
"Apr 29, 2015","63.460","63.049","63.502","63.040","0.65%"
"Apr 28, 2015","63.053","63.334","63.470","63.027","-0.46%"
"Apr 27, 2015","63.346","63.747","63.780","63.346","-0.50%"
"Apr 24, 2015","63.662","63.283","63.683","63.215","0.61%"
"Apr 23, 2015","63.277","62.968","63.430","62.895","0.47%"
"Apr 22, 2015","62.980","62.881","63.020","62.725","0.20%"
"Apr 21, 2015","62.854","63.140","63.165","62.750","-0.45%"
"Apr 20, 2015","63.137","62.554","63.167","62.500","0.94%"
"Apr 17, 2015","62.550","62.317","62.550","62.305","0.37%"
"Apr 16, 2015","62.317","62.353","62.407","62.245","-0.07%"
"Apr 15, 2015","62.360","62.294","62.460","62.264","0.15%"
"Apr 14, 2015","62.268","62.413","62.422","62.210","-0.22%"
"Apr 13, 2015","62.407","62.184","62.575","62.180","0.21%"
"Apr 10, 2015","62.276","62.301","62.430","62.209","-0.05%"
"Apr 09, 2015","62.306","62.201","62.337","62.150","0.18%"
"Apr 08, 2015","62.192","62.301","62.372","62.139","-0.17%"
"Apr 07, 2015","62.296","62.206","62.425","62.195","0.14%"
"Apr 06, 2015","62.207","61.930","62.240","61.930","0.40%"
"Apr 03, 2015","61.960","62.078","62.140","61.936","-0.17%"
"Apr 02, 2015","62.067","62.163","62.240","62.046","-0.12%"
"Apr 01, 2015","62.142","62.291","62.402","62.135","-0.24%"
"Mar 31, 2015","62.291","62.514","62.680","62.276","-0.35%"
"Mar 30, 2015","62.510","62.534","62.700","62.438","-0.02%"
"Mar 27, 2015","62.523","62.840","62.851","62.395","-0.50%"
"Mar 26, 2015","62.836","62.430","62.843","62.430","0.68%"
"Mar 25, 2015","62.412","62.344","62.454","62.262","0.10%"
"Mar 24, 2015","62.348","62.210","62.421","62.140","0.19%"
"Mar 23, 2015","62.230","62.415","62.415","62.230","-0.29%"
"Mar 20, 2015","62.410","62.525","62.595","62.410","-0.13%"
"Mar 19, 2015","62.490","62.390","62.685","62.370","-0.34%"
"Mar 18, 2015","62.701","62.651","62.790","62.620","0.12%"
"Mar 17, 2015","62.623","62.778","62.850","62.608","-0.25%"
"Mar 16, 2015","62.780","63.087","63.138","62.763","-0.48%"
"Mar 13, 2015","63.083","62.559","63.126","62.433","0.87%"
"Mar 12, 2015","62.542","62.777","62.796","62.408","-0.38%"
"Mar 11, 2015","62.781","62.723","62.880","62.700","0.10%"
"Mar 10, 2015","62.720","62.641","62.836","62.563","0.14%"
"Mar 09, 2015","62.634","62.475","62.800","62.400","0.28%"
"Mar 06, 2015","62.460","62.393","62.463","62.300","0.13%"
"Mar 05, 2015","62.381","62.309","62.430","62.160","0.12%"
"Mar 04, 2015","62.309","61.819","62.391","61.659","0.79%"
"Mar 03, 2015","61.819","61.862","61.972","61.772","-0.07%"
"Mar 02, 2015","61.862","61.713","62.000","61.675","0.33%"
"Feb 27, 2015","61.659","61.744","61.920","61.658","-0.12%"
"Feb 26, 2015","61.731","61.871","62.000","61.675","-0.21%"
"Feb 25, 2015","61.862","62.090","62.113","61.840","-0.50%"
"Feb 24, 2015","62.170","62.172","62.360","62.070","0.01%"
"Feb 23, 2015","62.163","62.270","62.330","62.117","0.09%"
"Feb 20, 2015","62.109","62.140","62.290","62.108","-0.05%"
"Feb 19, 2015","62.138","62.064","62.170","62.030","0.13%"
"Feb 18, 2015","62.057","62.157","62.361","62.005","-0.16%"
"Feb 17, 2015","62.157","62.105","62.270","62.070","0.08%"
"Feb 16, 2015","62.105","62.114","62.250","62.070","0.05%"
"Feb 13, 2015","62.076","62.140","62.224","62.020","-0.12%"
"Feb 12, 2015","62.150","62.382","62.540","62.028","-0.37%"
"Feb 11, 2015","62.382","62.327","62.433","62.120","0.09%"
"Feb 10, 2015","62.327","62.161","62.374","61.930","0.29%"
"Feb 09, 2015","62.149","62.058","62.220","61.950","0.29%"
"Feb 06, 2015","61.970","61.703","62.025","61.665","0.42%"
"Feb 05, 2015","61.709","61.842","61.950","61.678","-0.22%"
"Feb 04, 2015","61.842","61.596","61.910","61.565","0.40%"
"Feb 03, 2015","61.596","61.721","61.850","61.565","-0.20%"
"Feb 02, 2015","61.719","62.005","62.085","61.645","-0.49%"
"Jan 30, 2015","62.020","61.807","62.035","61.710","0.35%"
"Jan 29, 2015","61.801","61.440","61.981","61.430","0.72%"
"Jan 28, 2015","61.358","61.515","61.540","61.270","-0.08%"
"Jan 27, 2015","61.410","61.480","61.525","61.355","-0.11%"
"Jan 26, 2015","61.480","61.515","61.520","61.475","0.07%"
"Jan 23, 2015","61.440","61.450","61.615","61.373","-0.27%"
"Jan 22, 2015","61.605","61.635","61.770","61.505","0.07%"
"Jan 21, 2015","61.560","61.730","61.730","61.540","-0.15%"
"Jan 20, 2015","61.655","61.825","61.905","61.645","0.02%"
"Jan 19, 2015","61.645","61.655","61.812","61.605","-0.36%"
"Jan 16, 2015","61.870","62.085","62.210","61.795","-0.31%"
"Jan 15, 2015","62.065","61.885","62.105","61.485","-0.05%"
"Jan 14, 2015","62.095","62.085","62.235","62.060","0.19%"
"Jan 13, 2015","61.980","62.100","62.195","61.970","-0.15%"
"Jan 12, 2015","62.075","62.355","62.355","62.065","-0.45%"
"Jan 09, 2015","62.355","62.500","62.520","62.300","-0.51%"
"Jan 08, 2015","62.675","63.205","63.205","62.595","-0.96%"
"Jan 07, 2015","63.280","63.520","63.565","63.170","-0.46%"
"Jan 06, 2015","63.575","63.375","63.625","63.315","0.36%"
"Jan 05, 2015","63.345","63.435","63.495","63.285","0.09%"
"Jan 02, 2015","63.285","63.445","63.502","63.255","-0.11%"
"Jan 01, 2015","63.355","63.175","63.455","63.175","0.51%"
"Dec 31, 2014","63.035","63.315","63.390","63.035","-0.55%"
"Dec 30, 2014","63.385","63.725","63.795","63.355","-0.45%"
"Dec 29, 2014","63.670","63.665","63.715","63.625","0.17%"
"Dec 26, 2014","63.562","63.455","63.690","63.455","0.07%"
"Dec 25, 2014","63.520","63.520","63.520","63.520","0.00%"
"Dec 24, 2014","63.520","63.435","63.565","63.375","0.13%"
"Dec 23, 2014","63.440","63.310","63.510","63.250","0.33%"
"Dec 22, 2014","63.230","63.255","63.330","63.145","-0.02%"
"Dec 19, 2014","63.245","63.055","63.340","62.990","0.40%"
"Dec 18, 2014","62.990","63.360","63.400","62.985","-0.84%"
"Dec 17, 2014","63.525","63.530","63.890","63.450","-0.21%"
"Dec 16, 2014","63.660","62.915","63.660","62.815","0.77%"
"Dec 15, 2014","63.175","62.210","63.175","62.210","1.04%"
"Dec 12, 2014","62.525","62.260","62.535","62.210","0.07%"
"Dec 11, 2014","62.480","62.050","62.480","62.010","0.59%"
"Dec 10, 2014","62.115","61.810","62.115","61.770","0.38%"
"Dec 09, 2014","61.880","61.890","61.955","61.835","0.09%"
"Dec 08, 2014","61.825","61.980","62.010","61.825","-0.15%"
"Dec 05, 2014","61.918","61.845","61.918","61.780","0.21%"
"Dec 04, 2014","61.790","61.945","61.965","61.790","-0.12%"
"Dec 03, 2014","61.863","61.885","61.970","61.815","0.11%"
"Dec 02, 2014","61.795","61.905","62.020","61.795","-0.26%"
"Dec 01, 2014","61.955","62.060","62.240","61.955","-0.41%"
"Nov 28, 2014","62.210","61.815","62.250","61.765","0.57%"
"Nov 27, 2014","61.860","61.740","61.938","61.740","0.11%"
"Nov 26, 2014","61.795","61.865","61.913","61.785","-0.11%"
"Nov 25, 2014","61.865","61.915","62.045","61.850","0.01%"
"Nov 24, 2014","61.860","61.700","61.975","61.660","0.15%"
"Nov 21, 2014","61.767","61.845","61.905","61.745","-0.26%"
"Nov 20, 2014","61.930","62.040","62.230","61.890","-0.02%"
"Nov 19, 2014","61.945","61.845","62.008","61.795","0.36%"
"Nov 18, 2014","61.725","61.735","61.885","61.705","-0.17%"
"Nov 17, 2014","61.830","61.630","61.830","61.630","0.19%"
"Nov 14, 2014","61.715","61.630","61.860","61.560","0.19%"
"Nov 13, 2014","61.600","61.490","61.635","61.490","0.37%"
"Nov 12, 2014","61.375","61.535","61.570","61.375","-0.23%"
"Nov 11, 2014","61.515","61.570","61.650","61.515","0.05%"
"Nov 10, 2014","61.485","61.465","61.570","61.390","-0.06%"
"Nov 07, 2014","61.520","61.440","61.700","61.440","0.03%"
"Nov 06, 2014","61.500","61.440","61.515","61.425","0.11%"
"Nov 05, 2014","61.435","61.340","61.545","61.300","0.07%"
"Nov 04, 2014","61.395","61.365","61.415","61.310","-0.04%"
"Nov 03, 2014","61.420","61.510","61.510","61.325","0.02%"
"Oct 31, 2014","61.405","61.365","61.615","61.300","-0.06%"
"Oct 30, 2014","61.440","61.290","61.555","61.290","0.24%"
"Oct 29, 2014","61.290","61.265","61.375","61.220","0.17%"
"Oct 28, 2014","61.188","61.255","61.425","61.162","-0.19%"
"Oct 27, 2014","61.305","61.185","61.375","61.185","0.22%"
"Oct 24, 2014","61.170","61.170","61.170","61.170","0.00%"
"Oct 23, 2014","61.170","61.160","61.210","61.100","-0.05%"
"Oct 22, 2014","61.200","61.095","61.315","61.015","0.08%"
"Oct 21, 2014","61.150","61.315","61.377","61.120","-0.14%"
"Oct 20, 2014","61.235","61.315","61.385","61.185","-0.21%"
"Oct 17, 2014","61.365","61.765","61.765","61.360","-0.77%"
"Oct 16, 2014","61.840","61.485","61.940","61.435","0.75%"
"Oct 15, 2014","61.380","61.310","61.410","61.250","-0.03%"
"Oct 14, 2014","61.400","60.945","61.480","60.935","0.64%"
"Oct 13, 2014","61.010","61.285","61.315","61.010","-0.45%"
"Oct 10, 2014","61.285","61.165","61.365","61.125","0.38%"
"Oct 09, 2014","61.055","61.145","61.145","60.910","-0.50%"
"Oct 08, 2014","61.360","61.470","61.525","61.310","0.09%"
"Oct 07, 2014","61.305","61.465","61.485","61.280","-0.39%"
"Oct 06, 2014","61.545","61.545","61.545","61.545","0.00%"
"Oct 03, 2014","61.545","61.545","61.545","61.545","0.00%"
"Oct 02, 2014","61.545","61.720","61.720","61.545","-0.29%"
"Oct 01, 2014","61.725","61.835","61.965","61.593","-0.35%"
"Sep 30, 2014","61.940","61.615","61.940","61.565","0.62%"
"Sep 29, 2014","61.560","61.155","61.620","61.155","0.68%"
"Sep 26, 2014","61.145","61.345","61.625","61.015","-0.31%"
"Sep 25, 2014","61.335","60.965","61.420","60.925","0.64%"
"Sep 24, 2014","60.945","61.045","61.065","60.905","-0.18%"
"Sep 23, 2014","61.055","60.955","61.055","60.875","0.18%"
"Sep 22, 2014","60.945","60.795","60.945","60.755","0.14%"
"Sep 19, 2014","60.860","60.780","60.900","60.730","0.20%"
"Sep 18, 2014","60.740","61.115","61.220","60.740","-0.29%"
"Sep 17, 2014","60.915","60.985","61.043","60.830","-0.24%"
"Sep 16, 2014","61.060","61.025","61.165","61.007","-0.07%"
"Sep 15, 2014","61.105","60.655","61.175","60.655","0.74%"
"Sep 12, 2014","60.655","60.975","61.025","60.645","-0.45%"
"Sep 11, 2014","60.930","60.845","60.945","60.720","0.00%"
"Sep 10, 2014","60.930","60.780","61.045","60.760","0.54%"
"Sep 09, 2014","60.605","60.435","60.673","60.405","0.55%"
"Sep 08, 2014","60.275","60.305","60.325","60.212","-0.20%"
"Sep 05, 2014","60.395","60.445","60.505","60.380","0.06%"
"Sep 04, 2014","60.360","60.465","60.490","60.355","-0.21%"
"Sep 03, 2014","60.490","60.605","60.695","60.335","-0.32%"
"Sep 02, 2014","60.685","60.585","60.695","60.495","0.26%"
"Sep 01, 2014","60.530","60.510","60.535","60.425","0.02%"
"Aug 29, 2014","60.520","60.510","60.550","60.470","0.03%"
"Aug 28, 2014","60.500","60.405","60.698","60.365","0.07%"
"Aug 27, 2014","60.455","60.485","60.515","60.350","0.03%"
"Aug 26, 2014","60.435","60.505","60.580","60.435","-0.22%"
"Aug 25, 2014","60.570","60.555","60.580","60.405","0.17%"
"Aug 22, 2014","60.470","60.495","60.560","60.365","-0.34%"
"Aug 21, 2014","60.675","60.695","60.800","60.615","0.10%"
"Aug 20, 2014","60.615","60.845","60.885","60.520","-0.10%"
"Aug 19, 2014","60.675","60.775","60.785","60.645","-0.17%"
"Aug 18, 2014","60.780","60.780","60.780","60.780","0.00%"
"Aug 15, 2014","60.780","60.820","60.850","60.780","0.02%"
"Aug 14, 2014","60.765","61.105","61.120","60.765","-0.54%"
"Aug 13, 2014","61.095","61.095","61.315","61.095","0.02%"
"Aug 12, 2014","61.085","61.125","61.225","61.075","-0.15%"
"Aug 11, 2014","61.175","61.085","61.265","61.025","0.05%"
"Aug 08, 2014","61.145","61.245","61.745","61.135","-0.16%"
"Aug 07, 2014","61.245","61.405","61.555","61.215","-0.41%"
"Aug 06, 2014","61.500","61.035","61.525","61.025","1.07%"
"Aug 05, 2014","60.850","60.885","61.005","60.695","-0.16%"
"Aug 04, 2014","60.945","61.205","61.205","60.875","-0.44%"
"Aug 01, 2014","61.215","60.755","61.225","60.700","1.09%"
"Jul 31, 2014","60.555","60.245","60.565","60.205","0.82%"
"Jul 30, 2014","60.065","60.245","60.245","60.052","-0.11%"
"Jul 29, 2014","60.130","60.125","60.140","60.100","0.07%"
"Jul 28, 2014","60.090","60.055","60.170","60.055","0.05%"